NUMBER,TEAM,CONF,YEAR,POSTSEASON,SEED,G,W,WIN_PCT,ADJOE,ADJDE,BARTHAG,EFG_O,EFG_D,TOR,TORD,ORB,DRB,FTR,FTRD,TWOP_O,TWOP_D,THREEP_O,THREEP_D,ADJ_T,WAB,WIN_PCT_RANK,ADJOE_RANK,ADJDE_RANK,BARTHAG_RANK,EFG_O_RANK,EFG_D_RANK,TOR_RANK,TORD_RANK,ORB_RANK,DRB_RANK,FTR_RANK,FTRD_RANK,TWOP_O_RANK,TWOP_D_RANK,THREEP_O_RANK,THREEP_D_RANK,ADJ_T_RANK,WAB_RANK,DUPLICATE
1,Wisconsin,B10,2015,2ND,1,40,36,0.9,129.1,93.6,0.9758,54.8,47.7,12.4,15.8,32.1,23.7,36.2,22.4,54.8,44.7,36.5,37.5,59.3,11.3,0.952,1,0.604,0.968,0.825,0.334,1,0.047,0.38,0.015,0.317,1,0.92,0.524,0.603,0.032,0.047,0.968,64
2,Duke,ACC,2015,Champions,1,39,35,0.897435897,125.2,90.6,0.9764,56.6,46.5,16.3,18.6,35.8,30.2,39.8,23.9,55.9,46.3,38.7,31.4,66.4,10.7,0.936,0.968,0.874,0.984,0.968,0.508,0.81,0.412,0.841,0.444,0.65,0.985,0.952,0.35,0.857,0.778,0.682,0.952,64
3,Louisville,ACC,2015,E8,4,36,27,0.75,109.4,87.4,0.929,47.7,44,17.2,21.3,34.7,30.8,38.7,33.3,48.4,43.3,30.7,30.3,65.6,5.8,0.714,0.365,0.953,0.777,0.079,0.921,0.604,0.841,0.666,0.587,0.555,0.524,0.396,0.731,0.015,0.937,0.619,0.809,64
4,Notre Dame,ACC,2015,E8,3,38,32,0.842105263,125.3,98.6,0.9401,58.3,47.9,14.5,17.3,27.9,32.2,36.7,24.1,58.2,47.4,39,32.6,63.9,8.6,0.857,0.984,0.254,0.857,1,0.302,0.969,0.238,0.111,0.841,0.412,0.953,1,0.223,0.904,0.604,0.333,0.888,64
5,Arizona,P12,2015,E8,2,38,34,0.894736842,117.5,86.9,0.97,53.5,45.1,16.5,20.6,34.5,22.4,47.1,37.3,53.3,42.7,36,33.5,66.7,9,0.92,0.857,0.969,0.952,0.746,0.778,0.747,0.761,0.619,0,0.968,0.223,0.809,0.81,0.539,0.429,0.73,0.904,64
6,Gonzaga,WCC,2015,E8,2,37,34,0.918918919,120.2,93.1,0.9498,57.9,44.2,16.1,17.1,33.9,28,38.7,30.5,57,42,40,33,65.2,7.8,0.984,0.92,0.667,0.873,0.984,0.874,0.826,0.19,0.523,0.222,0.555,0.699,0.984,0.937,0.952,0.54,0.571,0.873,64
7,Michigan St.,B10,2015,F4,7,39,27,0.692307692,116.3,92.6,0.9327,53.2,44.9,17.5,16.5,33.5,27,32.7,39,50.8,43.8,38.5,31.5,63.9,3,0.476,0.809,0.747,0.825,0.714,0.794,0.556,0.079,0.46,0.126,0.079,0.127,0.603,0.651,0.825,0.762,0.333,0.587,64
8,Kentucky,SEC,2015,F4,1,39,38,0.974358974,120.3,84,0.9842,51.5,39.6,16.3,21.3,39.5,31.8,43.9,31.7,51.2,39.1,34.9,27.1,63.5,13.1,1,0.936,1,1,0.603,1,0.81,0.841,0.952,0.809,0.888,0.635,0.666,0.985,0.349,1,0.253,1,64
9,Dayton,A10,2015,R32,11,36,27,0.75,107,94.5,0.8059,52.9,47.3,17.9,21.1,23.3,28.4,48.1,30.6,52.6,46.5,35.6,32.5,63.8,0.8,0.714,0.238,0.524,0.333,0.698,0.397,0.477,0.793,0.015,0.253,1,0.683,0.73,0.302,0.444,0.635,0.317,0.396,64
10,Virginia,ACC,2015,R32,2,34,30,0.882352941,112.1,84.1,0.9648,50.6,42.3,15.7,17.9,34.3,24.2,34.9,28.6,49.7,40.1,35.2,30.8,58.4,10,0.888,0.603,0.985,0.92,0.492,0.969,0.937,0.317,0.587,0.047,0.158,0.778,0.523,0.969,0.396,0.874,0,0.936,64
11,Cincinnati,Amer,2015,R32,8,34,23,0.676470588,106.5,92.3,0.838,49.5,44.1,21,19.9,37.3,32.3,37.1,26.1,49.6,42.2,32.9,31.9,60.3,-1.3,0.38,0.222,0.778,0.38,0.285,0.905,0.032,0.65,0.888,0.857,0.428,0.905,0.507,0.921,0.142,0.699,0.063,0.238,64
12,Iowa,B10,2015,R32,7,34,22,0.647058824,114,92,0.9211,48.1,45.6,17.1,18.9,35.6,30.3,38,29.1,47.3,43.7,33.3,32.6,64.6,2.1,0.253,0.698,0.794,0.73,0.111,0.667,0.635,0.492,0.793,0.476,0.507,0.762,0.19,0.667,0.19,0.604,0.46,0.539,64
13,Maryland,B10,2015,R32,4,35,28,0.8,110.2,94,0.8619,51.2,45.5,18.9,17.2,28.9,30.5,44.5,28.1,48,44.1,37.6,31.8,64.5,6.9,0.809,0.428,0.556,0.507,0.555,0.715,0.286,0.206,0.142,0.523,0.936,0.826,0.301,0.588,0.714,0.715,0.444,0.841,64
14,Ohio St.,B10,2015,R32,10,35,24,0.685714286,113.9,93.1,0.9104,54.2,46.4,17,21.6,33.5,32,34.7,27.8,53.6,45.2,37,32.2,66.3,2.5,0.444,0.682,0.667,0.698,0.761,0.572,0.667,0.888,0.46,0.825,0.142,0.842,0.857,0.477,0.666,0.651,0.666,0.571,64
15,Kansas,B12,2015,R32,2,36,27,0.75,113.6,90.6,0.9308,49.4,44.6,19.2,17.5,34.9,31.6,42.6,33.8,46.4,43.4,37.9,31.5,67.2,9,0.714,0.666,0.874,0.793,0.269,0.842,0.254,0.253,0.746,0.793,0.809,0.429,0.111,0.715,0.746,0.762,0.793,0.904,64
16,Butler,BE,2015,R32,6,34,23,0.676470588,108.5,88.6,0.9115,48.4,46.7,17,19.5,34.7,25.3,40.8,33.4,46.3,47.1,35.6,30.7,63.9,3.5,0.38,0.317,0.905,0.714,0.126,0.461,0.667,0.555,0.666,0.063,0.73,0.477,0.095,0.286,0.444,0.889,0.333,0.65,64
17,Georgetown,BE,2015,R32,4,33,22,0.666666667,112.6,93.5,0.8945,51.3,47.1,19.2,20.2,34.3,31,43.9,44.1,50.5,43.1,35.3,36.2,64.6,3.7,0.333,0.634,0.62,0.634,0.571,0.413,0.254,0.73,0.587,0.634,0.888,0.048,0.587,0.778,0.412,0.096,0.46,0.666,64
18,Villanova,BE,2015,R32,1,36,33,0.916666667,121.9,91.1,0.9663,55.3,45.5,16.3,21.6,32.5,31.2,41.8,30.4,53,45.3,38.9,30.5,64.7,11.3,0.968,0.952,0.826,0.936,0.873,0.715,0.81,0.888,0.428,0.682,0.777,0.731,0.761,0.445,0.888,0.921,0.492,0.968,64
19,UAB,CUSA,2015,R32,14,35,19,0.542857143,102.7,100.1,0.5721,47.6,47.6,20.1,19.7,34.2,33.1,35.7,33.6,46.6,47.4,33.2,31.9,65.3,-7.5,0.015,0.111,0.191,0.126,0.063,0.381,0.143,0.587,0.571,0.904,0.238,0.445,0.126,0.223,0.158,0.699,0.587,0.031,64
20,Northern Iowa,MVC,2015,R32,5,35,31,0.885714286,115.4,93,0.9228,55.9,45.6,17.8,19.2,27,26.9,39.8,27,53.3,44,39.8,32.1,58.5,5.3,0.904,0.777,0.683,0.746,0.936,0.667,0.493,0.523,0.063,0.111,0.65,0.889,0.809,0.62,0.936,0.667,0.015,0.793,64
21,San Diego St.,MWC,2015,R32,8,35,26,0.742857143,103.1,87.5,0.8691,46.6,43.5,18.6,21.1,35.7,29.7,36.2,25.7,45.9,42.3,32,30.6,61.2,1.3,0.698,0.126,0.937,0.571,0.031,0.937,0.35,0.793,0.809,0.428,0.317,0.921,0.063,0.889,0.063,0.905,0.079,0.476,64
22,Oregon,P12,2015,R32,8,35,25,0.714285714,114.3,99.1,0.8379,52.3,48,16.9,16.7,30.2,31.5,29.1,35.4,50.8,47.1,36.9,33.2,66.9,3,0.555,0.73,0.223,0.365,0.682,0.286,0.699,0.111,0.269,0.746,0.015,0.286,0.603,0.286,0.65,0.477,0.761,0.587,64
23,Georgia St.,SB,2015,R32,14,34,24,0.705882353,109.5,98,0.7802,52,45.8,16.3,23.2,30,34.8,37.7,39.8,53.4,43.1,32.2,33.1,63.2,-3,0.539,0.38,0.318,0.285,0.634,0.62,0.81,0.952,0.222,0.968,0.492,0.096,0.841,0.778,0.079,0.493,0.238,0.19,64
24,Arkansas,SEC,2015,R32,5,36,27,0.75,113.2,96,0.8696,50,48.3,16.9,22.3,35.7,34.6,37.3,38.8,48.8,46.2,34.9,35.2,69.9,3.9,0.714,0.65,0.397,0.587,0.38,0.239,0.699,0.936,0.809,0.936,0.444,0.143,0.412,0.381,0.349,0.159,0.968,0.714,64
25,Davidson,A10,2015,R64,10,31,23,0.741935484,118.3,102.2,0.8435,55.4,49.3,14.1,17,29.6,30.4,28.5,34.6,53.1,51.4,38.7,30,67.2,1.7,0.682,0.873,0.143,0.412,0.888,0.175,0.985,0.174,0.206,0.492,0,0.366,0.793,0.032,0.857,0.969,0.793,0.523,64
26,VCU,A10,2015,R64,7,36,26,0.722222222,108.4,94,0.8373,48.7,49.5,15.7,23.5,31.8,30.6,37.3,37.8,46.9,48.3,34.3,34.5,67.2,3,0.619,0.301,0.556,0.349,0.174,0.127,0.937,0.968,0.349,0.539,0.444,0.191,0.158,0.175,0.269,0.254,0.793,0.587,64
27,Albany,AE,2015,R64,14,33,24,0.727272727,104.9,102.2,0.5749,49.9,49.6,18.8,20.1,32.6,26,39,30.4,47.9,46.2,35.8,36.2,61.3,-3.3,0.634,0.174,0.143,0.142,0.365,0.112,0.318,0.682,0.444,0.095,0.619,0.731,0.285,0.381,0.492,0.096,0.111,0.174,64
28,SMU,Amer,2015,R64,6,33,26,0.787878788,111.1,94.6,0.8635,52.1,45.7,19.5,20.3,36.6,29.2,43.8,31.2,51.3,42.9,36.3,32.7,63.6,3.1,0.777,0.539,0.493,0.523,0.65,0.635,0.207,0.746,0.873,0.365,0.857,0.651,0.682,0.794,0.587,0.556,0.269,0.634,64
29,Indiana,B10,2015,R64,10,34,20,0.588235294,119.5,103,0.8473,54.4,50.3,17.2,15.9,35.3,31.5,32.7,32.8,50.2,50.9,40.6,32.5,67.2,-0.3,0.063,0.888,0.096,0.444,0.793,0.064,0.604,0.063,0.777,0.746,0.079,0.572,0.571,0.064,0.984,0.635,0.793,0.301,64
30,Purdue,B10,2015,R64,9,34,21,0.617647059,110.5,93.9,0.8654,50.3,45.4,19.9,17.6,36.5,30.9,41.7,38.4,50.9,42.3,32.7,35.1,65,1,0.158,0.476,0.572,0.539,0.444,0.747,0.159,0.269,0.857,0.603,0.761,0.159,0.634,0.889,0.126,0.175,0.539,0.428,64
31,Baylor,B12,2015,R64,3,33,23,0.696969697,116.3,92.7,0.9316,49.8,45.8,20.1,19.3,41.9,31.5,38.6,32.1,46.1,46.4,38.2,29.8,62.1,5,0.492,0.809,0.715,0.809,0.349,0.62,0.143,0.539,1,0.746,0.539,0.62,0.079,0.334,0.761,0.985,0.174,0.777,64
32,Iowa St.,B12,2015,R64,3,34,25,0.735294118,116.9,95.6,0.9103,54.3,47.6,15.8,18.5,28.3,29.6,36.5,24,54.3,45.2,36.2,34.7,69.8,7,0.65,0.841,0.413,0.682,0.777,0.381,0.889,0.38,0.126,0.38,0.365,0.969,0.888,0.477,0.555,0.223,0.952,0.857,64
33,Oklahoma St.,B12,2015,R64,9,31,17,0.548387097,110.7,95.4,0.8469,50.2,46.5,18.5,21.1,26.9,32.6,39,42.1,49.2,44.1,34.6,34.4,64,0.2,0.031,0.507,0.429,0.428,0.428,0.508,0.366,0.793,0.047,0.873,0.619,0.064,0.476,0.588,0.333,0.302,0.396,0.349,64
34,Texas,B12,2015,R64,11,34,20,0.588235294,110.3,90.7,0.9048,49.1,42.1,20.1,14,37.9,28.6,36.6,34.8,48.3,37.7,33.8,34.7,62.8,0.9,0.063,0.444,0.842,0.65,0.206,0.985,0.143,0,0.92,0.317,0.38,0.334,0.38,1,0.206,0.223,0.206,0.412,64
35,Providence,BE,2015,R64,6,34,22,0.647058824,111.6,93.7,0.8821,48.4,48.2,18.1,19.7,35.2,29,40.7,39.3,48.9,47.1,31.3,33.3,65.7,3.7,0.253,0.555,0.588,0.619,0.126,0.254,0.461,0.587,0.761,0.349,0.714,0.112,0.428,0.286,0.031,0.461,0.634,0.666,64
36,St. John's,BE,2015,R64,9,32,20,0.625,110.6,94.7,0.8569,49.3,46.4,15.7,19.5,27.6,35.4,35.7,33.3,48.2,44.9,34.5,32.6,67,2.3,0.206,0.492,0.477,0.492,0.222,0.572,0.937,0.555,0.079,0.984,0.238,0.524,0.349,0.508,0.317,0.604,0.777,0.555,64
37,Eastern Washington,BSky,2015,R64,13,32,23,0.71875,110.1,107.6,0.5648,55.1,52.3,15.9,17.8,29.3,30.7,35.2,36,52.2,49.2,39.3,38.7,68.5,-2.6,0.603,0.412,0.032,0.111,0.841,0.032,0.874,0.301,0.174,0.555,0.174,0.27,0.698,0.08,0.92,0,0.888,0.206,64
38,Coastal Carolina,BSth,2015,R64,16,30,20,0.666666667,104.5,103,0.5417,50,47.7,17.5,16.9,34.8,28,38.9,35,48.1,45.8,35.9,33.8,64.1,-5.1,0.333,0.158,0.096,0.079,0.38,0.334,0.556,0.158,0.714,0.222,0.587,0.318,0.333,0.397,0.523,0.381,0.428,0.063,64
39,UC Irvine,BW,2015,R64,13,32,19,0.59375,105.1,96.8,0.7202,50.7,44.7,18.2,17.2,30,30.7,30.2,35.3,47.8,42.4,38.2,33.6,63.9,-4.6,0.095,0.206,0.366,0.238,0.523,0.81,0.429,0.206,0.222,0.555,0.031,0.302,0.269,0.842,0.761,0.413,0.333,0.095,64
40,Northeastern,CAA,2015,R64,14,35,23,0.657142857,107,101,0.6586,54.5,49.8,21.5,15.5,30.1,25.3,41.4,25,53,49.1,38.6,34.4,63.6,-4.6,0.317,0.238,0.159,0.19,0.809,0.096,0.016,0.031,0.253,0.063,0.746,0.937,0.761,0.096,0.841,0.302,0.269,0.095,64
41,Valparaiso,Horz,2015,R64,13,31,25,0.806451613,105,94.5,0.7706,51.3,45.2,19,18.6,34.7,27.4,36.6,33.4,48,42.3,38.4,33.4,63.1,0.1,0.825,0.19,0.524,0.253,0.571,0.762,0.27,0.412,0.666,0.174,0.38,0.477,0.301,0.889,0.809,0.445,0.222,0.333,64
42,Harvard,Ivy,2015,R64,13,28,20,0.714285714,102.4,94.9,0.7057,47.1,46.6,18.4,20.1,32.4,28.4,38.9,32.9,45.5,44.5,34.3,34,61.6,-1.3,0.555,0.095,0.461,0.222,0.047,0.477,0.381,0.682,0.412,0.253,0.587,0.556,0,0.556,0.269,0.35,0.158,0.238,64
43,Buffalo,MAC,2015,R64,12,33,23,0.696969697,109.1,98,0.7742,48.7,48.5,16.7,19.7,34.5,30.4,42.6,34.3,47.6,48,34.1,33,68.9,-1.3,0.492,0.349,0.318,0.269,0.174,0.223,0.715,0.587,0.619,0.492,0.809,0.413,0.253,0.191,0.238,0.54,0.92,0.238,64
44,Hampton,MEAC,2015,R64,16,35,17,0.485714286,94.8,102.3,0.2939,45.6,46.4,20.2,20.1,31.8,30.9,43.8,45.5,45.6,44.5,30.4,33.9,69.6,-12.6,0,0,0.112,0,0,0.572,0.096,0.682,0.349,0.603,0.857,0.032,0.047,0.556,0,0.366,0.936,0,64
45,Wyoming,MWC,2015,R64,12,33,23,0.696969697,102.1,98.2,0.6121,52.2,47,18.8,17.9,22,27,40.4,27,54.4,44,32.6,34.9,59.2,-1.6,0.492,0.063,0.27,0.158,0.666,0.445,0.318,0.317,0,0.126,0.682,0.889,0.904,0.62,0.111,0.191,0.031,0.222,64
46,Robert Morris,NEC,2015,R64,16,35,20,0.571428571,100.7,103.3,0.4286,50.1,49.3,19.8,21.8,31,35.9,35.5,37.6,47.4,48.3,37.5,34.1,66,-8.6,0.047,0.015,0.064,0.047,0.412,0.175,0.175,0.92,0.285,1,0.222,0.207,0.222,0.175,0.698,0.334,0.65,0.015,64
47,Belmont,OVC,2015,R64,15,32,21,0.65625,108.7,106.8,0.5497,56.5,51.3,20.3,18.5,28.9,29.6,32.2,28.2,56.4,51.2,37.7,34.3,67.6,-4.7,0.285,0.333,0.048,0.095,0.952,0.048,0.064,0.38,0.142,0.38,0.063,0.81,0.968,0.048,0.73,0.318,0.873,0.079,64
48,Lafayette,Pat,2015,R64,16,32,19,0.59375,109.8,114.5,0.3839,55.8,53.5,17.1,16.8,27.7,34.5,30.4,27.5,52.8,51.5,40.8,38,65.1,-7.1,0.095,0.396,0,0.031,0.92,0,0.635,0.142,0.095,0.92,0.047,0.858,0.746,0.016,1,0.016,0.555,0.047,64
49,Wofford,SC,2015,R64,12,33,26,0.787878788,102.3,96.8,0.6547,51.1,47,17.2,20,29.4,27.7,37.6,36.4,49.1,47.3,36.8,30.9,61.2,0.2,0.777,0.079,0.366,0.174,0.539,0.445,0.604,0.666,0.19,0.206,0.476,0.254,0.46,0.239,0.619,0.842,0.079,0.349,64
50,Georgia,SEC,2015,R64,10,33,21,0.636363636,107.6,92.6,0.8482,48.5,44.4,19.2,16.7,32.2,28.5,47.7,34.3,47.2,43.2,34.2,31.2,64.8,1.6,0.238,0.269,0.747,0.476,0.158,0.858,0.254,0.111,0.396,0.301,0.984,0.413,0.174,0.747,0.253,0.81,0.523,0.507,64
51,LSU,SEC,2015,R64,9,33,22,0.666666667,107.8,92.8,0.8477,50.3,44.6,20.2,19.1,33.9,32.9,33.5,29.4,50.1,43.9,33.9,30.9,70.1,0.5,0.333,0.285,0.699,0.46,0.444,0.842,0.096,0.507,0.523,0.888,0.126,0.747,0.555,0.635,0.222,0.842,1,0.38,64
52,Mississippi,SEC,2015,R64,11,34,21,0.617647059,112.2,99.2,0.8037,47.8,47.6,16.5,18.7,34.8,31.4,36.1,41.2,46.8,43.6,33.2,35.8,66.6,-0.5,0.158,0.619,0.207,0.317,0.095,0.381,0.747,0.444,0.714,0.714,0.301,0.08,0.142,0.699,0.158,0.112,0.714,0.285,64
53,Stephen F. Austin,Slnd,2015,R64,12,31,26,0.838709677,111,98.8,0.7919,55.6,49,20.3,24.5,37.6,29.6,41.9,49.1,55.4,48.3,37.3,33.7,66.4,1.2,0.841,0.523,0.239,0.301,0.904,0.191,0.064,0.984,0.904,0.38,0.793,0.016,0.936,0.175,0.682,0.397,0.682,0.46,64
54,North Dakota St.,Sum,2015,R64,15,31,21,0.677419355,100.8,100.7,0.5035,49.7,48.1,16,16.5,26.1,23.7,35.7,30.7,45.5,45,38.2,36.2,61.5,-3.9,0.412,0.031,0.175,0.063,0.333,0.27,0.858,0.079,0.031,0.015,0.238,0.667,0,0.493,0.761,0.096,0.142,0.158,64
55,Texas Southern,SWAC,2015,R64,15,35,22,0.628571429,101.9,108.1,0.3371,49.5,49.3,19.7,18.7,33.8,34.6,46.8,33.1,50,48.5,32.2,34.4,63.7,-4.5,0.222,0.047,0.016,0.015,0.285,0.175,0.191,0.444,0.492,0.936,0.952,0.54,0.539,0.127,0.079,0.302,0.301,0.126,64
56,New Mexico St.,WAC,2015,R64,15,32,21,0.65625,103.9,98.1,0.6613,50.6,46.4,21.8,20.6,39.3,31,44.3,32.5,49.3,46.4,36.2,30.8,64,-4.5,0.285,0.142,0.286,0.206,0.492,0.572,0,0.761,0.936,0.634,0.92,0.588,0.492,0.334,0.555,0.874,0.396,0.126,64
57,North Carolina,ACC,2015,S16,4,38,26,0.684210526,119.6,92.5,0.9507,51.6,45.4,18.2,17.7,40,31.2,35.2,37.8,50.9,45.6,35.8,30,69.9,6.5,0.428,0.904,0.762,0.888,0.619,0.747,0.429,0.285,0.968,0.682,0.174,0.191,0.634,0.413,0.492,0.969,0.968,0.825,64
58,North Carolina St.,ACC,2015,S16,8,36,22,0.611111111,114.1,96.8,0.8684,49.3,45.5,16,14.9,33.9,30.2,35.3,34.7,47.3,43.6,35.6,33,64.7,1.1,0.126,0.714,0.366,0.555,0.222,0.715,0.858,0.015,0.523,0.444,0.206,0.35,0.19,0.699,0.444,0.54,0.492,0.444,64
59,Oklahoma,B12,2015,S16,3,35,24,0.685714286,111.6,88.5,0.9349,49.3,44.1,17.6,19.7,31.5,31.4,32.8,28.4,48.2,42.2,34.3,31.7,67.5,4.5,0.444,0.555,0.921,0.841,0.222,0.905,0.524,0.587,0.333,0.714,0.111,0.794,0.349,0.921,0.269,0.731,0.857,0.761,64
60,West Virginia,B12,2015,S16,5,35,25,0.714285714,110.3,93.3,0.8733,46.1,52.7,18.7,28,40.1,31.1,40.4,55.5,45.5,51.8,31.6,36.5,68.6,4.1,0.555,0.444,0.635,0.603,0.015,0.016,0.334,1,0.984,0.666,0.682,0,0,0,0.047,0.048,0.904,0.73,64
61,Xavier,BE,2015,S16,6,37,23,0.621621622,115.7,95.1,0.9049,53.3,50,18.1,18.8,31.3,27.3,38.5,33.3,53.7,48.9,35.1,34.6,65.5,1.3,0.19,0.793,0.445,0.666,0.73,0.08,0.461,0.476,0.301,0.158,0.523,0.524,0.873,0.112,0.38,0.239,0.603,0.476,64
62,Wichita St.,MVC,2015,S16,7,34,29,0.852941176,114.3,91.5,0.9277,50.3,45.8,15,21.3,34.5,27.4,36.2,36.6,48.9,42.6,35.4,35.3,62.6,4.2,0.873,0.73,0.81,0.761,0.444,0.62,0.953,0.841,0.619,0.174,0.317,0.239,0.428,0.826,0.428,0.143,0.19,0.746,64
63,UCLA,P12,2015,S16,11,36,22,0.611111111,111.8,96.6,0.8425,49.6,48.5,17.6,17.9,33.8,28.6,35.7,32.3,47.4,45.4,36.8,35.6,66.8,0,0.126,0.587,0.381,0.396,0.317,0.223,0.524,0.317,0.492,0.317,0.238,0.604,0.222,0.429,0.619,0.127,0.746,0.317,64
64,Utah,P12,2015,S16,5,34,25,0.735294118,114.9,88.7,0.9513,55.2,43,18.2,18.3,31.3,28.4,43.4,34.3,52.3,41.4,40.1,31.2,61.4,3.7,0.65,0.761,0.889,0.904,0.857,0.953,0.429,0.365,0.301,0.253,0.841,0.413,0.714,0.953,0.968,0.81,0.126,0.666,64
1,North Carolina,ACC,2016,2ND,1,40,33,0.825,123.3,94.9,0.9531,52.6,48.1,15.4,18.2,40.7,30,32.3,30.4,53.9,44.6,32.7,36.2,71.7,8.6,0.936,1,0.715,0.952,0.65,0.477,0.826,0.412,0.984,0.682,0.142,0.635,0.857,0.762,0.111,0.112,0.888,0.952,64
2,Villanova,BE,2016,Champions,2,40,35,0.875,123.1,90.9,0.9703,56.1,46.7,16.3,20.6,28.2,29.4,34.1,30,57.4,44.1,36.2,33.9,66.7,8.9,1,0.968,0.953,1,0.952,0.747,0.683,0.825,0.095,0.555,0.253,0.667,1,0.842,0.507,0.429,0.19,0.984,64
3,Notre Dame,ACC,2016,E8,6,36,24,0.666666667,118.3,103.3,0.8269,54,49.5,15.3,14.8,32.7,32.1,32.9,26,52.9,46.5,37.4,36.9,65.5,2.3,0.317,0.809,0.064,0.444,0.777,0.239,0.842,0.047,0.619,0.936,0.174,0.905,0.809,0.493,0.698,0.048,0.079,0.603,64
4,Virginia,ACC,2016,E8,1,37,29,0.783783784,119.9,91,0.96,54.8,48.4,15.1,18.8,29.9,25.2,32.1,33.4,52.6,46.3,40.3,34.7,61.9,8.6,0.825,0.873,0.937,0.968,0.857,0.413,0.889,0.555,0.253,0.111,0.095,0.477,0.73,0.524,0.936,0.302,0,0.952,64
5,Kansas,B12,2016,E8,1,37,32,0.864864865,120.9,90.4,0.9662,55.7,45.1,17.8,18.5,32.2,27.9,38.6,37.3,52.7,43.4,41.3,32.5,70.1,11.6,0.984,0.888,0.985,0.984,0.936,0.874,0.334,0.46,0.539,0.428,0.619,0.254,0.777,0.874,0.952,0.715,0.73,1,64
6,Oregon,P12,2016,E8,1,37,30,0.810810811,118.4,96.2,0.9163,52.3,48.9,16.1,20.2,34.1,30.5,40.3,32,52.6,46.1,34.4,36.2,69,6.7,0.873,0.825,0.54,0.777,0.634,0.318,0.731,0.761,0.714,0.761,0.698,0.588,0.73,0.556,0.238,0.112,0.587,0.857,64
7,Syracuse,ACC,2016,F4,10,37,23,0.621621622,111.9,93.6,0.8857,50,47.3,18.1,20.4,33.5,35.3,35.4,28,47.2,48.1,36,30.7,65.5,-0.3,0.142,0.492,0.794,0.634,0.269,0.667,0.286,0.809,0.682,1,0.349,0.826,0.079,0.366,0.46,0.953,0.079,0.269,64
8,Oklahoma,B12,2016,F4,2,37,29,0.783783784,118.2,94.1,0.9326,54.3,47.2,18.3,17.7,31.2,30.5,33,28.3,48.2,45.3,42.2,33.7,70.8,8,0.825,0.777,0.778,0.888,0.809,0.683,0.207,0.317,0.365,0.761,0.19,0.747,0.174,0.699,0.984,0.508,0.793,0.936,64
9,Saint Joseph's,A10,2016,R32,8,36,28,0.777777778,114.2,97.6,0.86,51.2,48.1,14.3,16.1,28.3,25.8,37.4,25,52.3,49.2,32.7,31.1,70.9,3.4,0.809,0.634,0.397,0.492,0.333,0.477,0.985,0.158,0.111,0.19,0.492,0.953,0.698,0.159,0.111,0.905,0.809,0.666,64
10,VCU,A10,2016,R32,10,36,25,0.694444444,112.1,94.2,0.8811,51,49.2,16.3,21.4,33.2,27.7,32.2,36.8,50.1,48.6,35.2,33.7,70.3,-0.1,0.428,0.507,0.762,0.587,0.301,0.302,0.683,0.92,0.65,0.38,0.111,0.27,0.428,0.302,0.412,0.508,0.746,0.285,64
11,Connecticut,Amer,2016,R32,9,36,25,0.694444444,110.5,93.4,0.8732,51.5,44.5,16.3,18.2,28.6,29.1,29.6,35.4,49.9,42,36.5,32.6,66.9,1.2,0.428,0.444,0.858,0.555,0.444,0.953,0.683,0.412,0.126,0.492,0.047,0.366,0.396,0.953,0.587,0.683,0.238,0.476,64
12,Iowa,B10,2016,R32,7,33,22,0.666666667,114.4,95.8,0.8853,51.3,48,14.8,18.8,31.9,31.3,33,25,48.7,48.7,37.4,31.3,69.8,2,0.317,0.65,0.572,0.619,0.38,0.524,0.905,0.555,0.46,0.857,0.19,0.953,0.238,0.27,0.698,0.842,0.682,0.523,64
13,Butler,BE,2016,R32,9,33,22,0.666666667,118.2,98.6,0.8899,52.6,49.7,14.5,18.6,32.2,27.5,39.3,35.8,49.9,49.1,39.3,33.8,69.2,2,0.317,0.777,0.35,0.65,0.65,0.159,0.953,0.507,0.539,0.333,0.65,0.318,0.396,0.191,0.92,0.461,0.619,0.523,64
14,Providence,BE,2016,R32,9,35,24,0.685714286,108.7,95.4,0.8193,48,49.3,16.1,20.6,30.4,30.3,37.3,28,48,49.8,32.1,32.3,69.3,3.4,0.412,0.285,0.651,0.365,0.047,0.286,0.731,0.825,0.301,0.746,0.46,0.826,0.158,0.112,0.015,0.762,0.65,0.666,64
15,Xavier,BE,2016,R32,2,34,28,0.823529412,117,94.3,0.9229,51.4,47.8,17.4,19.3,35.2,26,41.7,33.6,49.8,48.6,36.3,31.1,72.4,7.7,0.92,0.73,0.747,0.825,0.428,0.54,0.461,0.634,0.857,0.206,0.841,0.445,0.365,0.302,0.539,0.905,0.952,0.92,64
16,Hawaii,BW,2016,R32,13,32,26,0.8125,106.9,95,0.7945,51.9,44.9,18.1,19.8,30.4,26.4,45.4,40.2,54.1,44.8,32.2,30,71.4,0.8,0.888,0.222,0.699,0.301,0.539,0.889,0.286,0.714,0.301,0.253,0.952,0.143,0.873,0.747,0.047,0.985,0.873,0.444,64
17,Middle Tennessee,CUSA,2016,R32,15,33,23,0.696969697,103.9,99.5,0.6224,51.7,49.4,17.1,19.4,28.7,25.7,34.9,42.4,47.8,48,39.2,34.7,68.5,-3.2,0.476,0.111,0.207,0.126,0.507,0.254,0.556,0.65,0.142,0.174,0.317,0.064,0.142,0.381,0.904,0.302,0.507,0.158,64
18,Yale,Ivy,2016,R32,12,29,22,0.75862069,109.1,95.6,0.8209,52.2,46.7,19.9,17.8,39.3,24.3,41.7,33.3,51.4,45.5,36,32.7,66.8,-0.1,0.73,0.317,0.635,0.396,0.571,0.747,0.032,0.349,0.952,0.047,0.841,0.493,0.619,0.683,0.46,0.651,0.206,0.285,64
19,Northern Iowa,MVC,2016,R32,11,35,22,0.628571429,109.7,96.7,0.8109,53.2,48.7,15.2,18.5,17.7,27.4,34.1,24.8,51.3,48.9,37.2,32.4,63.7,-2.1,0.19,0.365,0.477,0.333,0.682,0.366,0.858,0.46,0,0.317,0.253,0.985,0.587,0.239,0.666,0.747,0.015,0.174,64
20,Wichita St.,MVC,2016,R32,11,34,25,0.735294118,110.3,87.8,0.9321,48.9,44.7,14.7,23.2,31.7,23.6,37.4,45.4,49.2,42.1,32.3,32.7,66.8,0.2,0.539,0.412,1,0.873,0.111,0.921,0.921,0.968,0.412,0.015,0.492,0.048,0.301,0.937,0.063,0.651,0.206,0.333,64
21,Utah,P12,2016,R32,3,35,26,0.742857143,115.8,97.3,0.8807,55.1,48,18.2,15.3,29.2,27.8,37.9,23,55.5,44.5,36.3,37.1,66.9,5.6,0.603,0.698,0.429,0.571,0.888,0.524,0.254,0.079,0.222,0.412,0.555,1,0.936,0.778,0.539,0.016,0.238,0.841,64
22,Arkansas Little Rock,SB,2016,R32,12,33,28,0.848484848,107.6,96.7,0.7732,51.9,45.9,15.6,21,26.7,29.5,31.5,38.3,48.9,45.7,38.2,30.9,63.8,2.1,0.968,0.253,0.477,0.269,0.539,0.81,0.794,0.873,0.079,0.571,0.079,0.207,0.269,0.635,0.825,0.937,0.031,0.555,64
23,Kentucky,SEC,2016,R32,4,36,27,0.75,123.2,95.1,0.9517,53.5,44.5,16.2,18,37.5,31.9,37.8,40.8,52.9,42.7,36.6,32.6,68.2,5,0.666,0.984,0.683,0.936,0.698,0.953,0.699,0.38,0.936,0.888,0.539,0.096,0.809,0.921,0.603,0.683,0.428,0.793,64
24,Stephen F. Austin,Slnd,2016,R32,14,30,24,0.8,110.3,96.5,0.8235,54.8,49.5,17.7,25.9,33.5,30.7,34.3,40.2,54.5,49.7,36.9,32.8,68.2,-1.2,0.857,0.412,0.508,0.428,0.857,0.239,0.381,1,0.682,0.809,0.285,0.143,0.904,0.127,0.634,0.62,0.428,0.19,64
25,Dayton,A10,2016,R64,7,33,25,0.757575758,105.5,92.6,0.8184,51.6,46.9,18.6,18,28.7,24.2,40.8,32.8,51.5,43.7,34.4,34.9,68.5,2.4,0.714,0.158,0.889,0.349,0.476,0.699,0.191,0.38,0.142,0.031,0.777,0.54,0.65,0.858,0.238,0.239,0.507,0.619,64
26,Pittsburgh,ACC,2016,R64,10,32,20,0.625,113.9,96.9,0.8659,51.1,50,17.5,16.9,36.9,27.5,36.1,32.4,50.4,48.4,35,35.4,66.3,1.8,0.158,0.619,0.445,0.523,0.317,0.096,0.429,0.253,0.888,0.333,0.396,0.556,0.476,0.334,0.38,0.207,0.126,0.507,64
27,Stony Brook,AE,2016,R64,13,31,24,0.774193548,104.6,99.2,0.648,52.2,47.6,17.3,18.4,34.8,26,32.2,27.6,50.7,45.8,37.2,34.1,67.8,-1.1,0.793,0.126,0.27,0.158,0.571,0.588,0.477,0.444,0.777,0.206,0.111,0.842,0.492,0.604,0.666,0.381,0.365,0.222,64
28,Cincinnati,Amer,2016,R64,9,33,22,0.666666667,110,93.5,0.866,49.3,45.6,16.3,20.3,36.7,30.6,33.2,27,47.7,41.3,34.8,35.7,66,0.3,0.317,0.396,0.826,0.539,0.126,0.826,0.683,0.793,0.873,0.793,0.222,0.889,0.126,1,0.349,0.159,0.111,0.365,64
29,Temple,Amer,2016,R64,10,33,21,0.636363636,106.3,97.4,0.7318,47,46.4,13.8,16.2,29.1,29.7,26.6,28.7,44.9,46.3,33.7,31.2,66.5,-0.1,0.238,0.19,0.413,0.238,0.015,0.778,1,0.174,0.19,0.619,0.015,0.715,0.015,0.524,0.142,0.874,0.174,0.285,64
30,Florida Gulf Coast,ASun,2016,R64,16,31,17,0.548387097,102.9,102.4,0.5136,51.5,47.7,17.2,15.9,31.7,27.5,37.3,35.3,51.5,48.3,34.2,31.2,68,-8.4,0.031,0.063,0.096,0.047,0.444,0.572,0.493,0.126,0.412,0.333,0.46,0.381,0.65,0.35,0.206,0.874,0.396,0.031,64
31,Michigan,B10,2016,R64,11,35,22,0.628571429,113.4,99.4,0.82,54.5,51.4,14.5,17.9,24.8,26.4,27.8,27,52.6,51.1,38,34.7,66.3,0.8,0.19,0.587,0.239,0.38,0.825,0.048,0.953,0.365,0.031,0.253,0.031,0.889,0.73,0.048,0.793,0.302,0.126,0.444,64
32,Michigan St.,B10,2016,R64,2,35,29,0.828571429,122.5,96,0.9428,56.3,43.3,17.6,14.2,37.1,24.3,30,34.1,51.4,41.7,43.4,31,67.6,7.2,0.952,0.952,0.556,0.92,0.968,1,0.413,0.031,0.904,0.047,0.063,0.397,0.619,0.969,1,0.921,0.333,0.888,64
33,Purdue,B10,2016,R64,5,35,26,0.742857143,117.2,93.4,0.9316,53.6,44.3,17.7,13.7,35,23.4,35.4,28.1,52.8,42.9,36.7,31.4,68.9,4.4,0.603,0.746,0.858,0.857,0.714,0.985,0.381,0,0.825,0,0.349,0.794,0.793,0.889,0.619,0.826,0.571,0.777,64
34,Baylor,B12,2016,R64,5,33,21,0.636363636,119.3,99.2,0.8924,51.6,51.2,18.6,19.8,40,28.8,38.6,38.6,49.8,49.1,37.4,36.9,67.4,3.5,0.238,0.841,0.27,0.666,0.476,0.064,0.191,0.714,0.968,0.46,0.619,0.175,0.365,0.191,0.698,0.048,0.317,0.714,64
35,Texas,B12,2016,R64,6,33,20,0.606060606,112.2,95.6,0.8627,49.4,47.7,15.4,18.5,30.7,32,39.5,38.4,48.5,45.8,34.1,34.5,66.3,3.2,0.095,0.523,0.635,0.507,0.158,0.572,0.826,0.46,0.333,0.904,0.666,0.191,0.19,0.604,0.174,0.318,0.126,0.634,64
36,Texas Tech,B12,2016,R64,8,32,19,0.59375,113.1,98.9,0.8227,50,49.6,17.8,19,31.3,32.3,42.2,32.9,49.2,47.2,34.6,35.6,67.2,1.3,0.079,0.571,0.302,0.412,0.269,0.175,0.334,0.603,0.38,0.968,0.904,0.524,0.301,0.429,0.301,0.191,0.285,0.492,64
37,West Virginia,B12,2016,R64,3,35,26,0.742857143,114.8,90.4,0.9396,49.8,48.4,20,25,42,27.1,46.2,55.3,50.3,47.7,32.5,33.1,70.9,7.4,0.603,0.666,0.985,0.904,0.206,0.413,0.016,0.984,1,0.285,0.984,0,0.46,0.397,0.079,0.588,0.809,0.904,64
38,Seton Hall,BE,2016,R64,6,34,25,0.735294118,110.8,91.4,0.9014,49.8,45.4,19.4,19.5,34.7,30.8,40.4,33.8,48.8,44.3,34.7,31.7,70.4,5.3,0.539,0.476,0.921,0.698,0.206,0.842,0.08,0.666,0.761,0.825,0.714,0.413,0.253,0.826,0.317,0.794,0.761,0.825,64
39,Weber St.,BSky,2016,R64,15,32,23,0.71875,101.7,99.5,0.5599,54.5,47.4,19.6,15.6,25.9,25.6,45.7,28.1,55.3,45.2,35.5,35.6,67.7,-3.7,0.523,0.047,0.207,0.079,0.825,0.635,0.064,0.111,0.047,0.158,0.968,0.794,0.92,0.715,0.428,0.191,0.349,0.111,64
40,UNC Asheville,BSth,2016,R64,15,32,20,0.625,101.2,99.4,0.5487,49.6,49.3,18.6,22.2,31.6,29.3,41.8,33,50.2,52.1,32.1,29.6,71,-6.3,0.158,0.031,0.239,0.063,0.174,0.286,0.191,0.952,0.396,0.539,0.888,0.508,0.444,0.032,0.015,1,0.841,0.047,64
41,UNC Wilmington,CAA,2016,R64,13,31,23,0.741935484,109.5,100.9,0.7186,51.2,47.5,15.9,19.9,32.1,30.1,35.6,55.2,51,46.1,34.4,33.9,71.3,-0.7,0.587,0.349,0.143,0.222,0.333,0.604,0.747,0.746,0.492,0.714,0.38,0.016,0.523,0.556,0.238,0.429,0.857,0.253,64
42,Green Bay,Horz,2016,R64,14,34,21,0.617647059,106.9,104.2,0.5729,49.8,51.5,15.8,21.1,30.9,32,42.2,35.8,48.5,50,35,36.3,77.3,-4.5,0.111,0.222,0.048,0.095,0.206,0.032,0.762,0.904,0.349,0.904,0.904,0.318,0.19,0.096,0.38,0.08,1,0.095,64
43,Iona,MAAC,2016,R64,13,33,22,0.666666667,109.1,102.1,0.6822,53.8,48.8,17.6,19.2,29.2,31,32.4,36.3,52.5,46,37,35.8,72.6,-3.6,0.317,0.317,0.112,0.19,0.761,0.35,0.413,0.619,0.222,0.841,0.158,0.286,0.714,0.572,0.65,0.127,0.968,0.126,64
44,Buffalo,MAC,2016,R64,14,34,19,0.558823529,105.1,102.4,0.5746,49.6,49.8,18.8,17.7,31.8,28.7,41.6,37.8,49,48.8,33.7,34.3,72.9,-5.8,0.047,0.142,0.096,0.111,0.174,0.143,0.127,0.317,0.444,0.444,0.809,0.223,0.285,0.254,0.142,0.366,0.984,0.079,64
45,Hampton,MEAC,2016,R64,16,31,20,0.64516129,98.2,107.5,0.2615,46.7,48.6,18.7,16.7,34.5,27.2,41.3,35.7,47.3,47.5,30.5,33.8,71.9,-6.3,0.285,0.015,0.016,0.015,0,0.381,0.143,0.206,0.746,0.301,0.793,0.35,0.111,0.413,0,0.461,0.904,0.047,64
46,Fresno St.,MWC,2016,R64,14,33,23,0.696969697,106.3,100.1,0.6646,48.4,48.8,15.1,21,30,29.7,37.7,46.4,47,48.4,34.4,33,69.8,-0.9,0.476,0.19,0.175,0.174,0.063,0.35,0.889,0.873,0.269,0.619,0.523,0.032,0.063,0.334,0.238,0.604,0.682,0.238,64
47,Austin Peay,OVC,2016,R64,16,34,16,0.470588235,103.4,109.1,0.3501,51.3,53.8,20.2,18.6,31.9,30,47,31.3,51,53.3,34.7,36.4,70.5,-11.3,0.015,0.079,0,0.031,0.38,0,0,0.507,0.46,0.682,1,0.604,0.523,0,0.317,0.064,0.777,0.015,64
48,Arizona,P12,2016,R64,6,34,25,0.735294118,116.1,95.7,0.9022,53.6,46.2,18.2,16,35,24.9,43.8,29.3,52.2,45.7,38.1,31.6,69.1,3.4,0.539,0.714,0.604,0.714,0.714,0.794,0.254,0.142,0.825,0.095,0.936,0.683,0.682,0.635,0.809,0.81,0.603,0.666,64
49,California,P12,2016,R64,4,34,23,0.676470588,112.4,92.8,0.9006,52.2,44.3,17.7,14.1,32.4,25.3,41.7,37.5,51.1,41.5,36.3,34.7,68.8,2.2,0.396,0.539,0.874,0.682,0.571,0.985,0.381,0.015,0.587,0.126,0.841,0.239,0.571,0.985,0.539,0.302,0.555,0.587,64
50,Colorado,P12,2016,R64,8,33,21,0.636363636,107.8,95.2,0.8072,48.4,46.8,18.8,15.4,34.8,24.8,40.5,35.7,43.9,44.3,38.6,35.3,69.9,0.7,0.238,0.269,0.667,0.317,0.063,0.715,0.127,0.095,0.777,0.079,0.73,0.35,0,0.826,0.857,0.223,0.714,0.428,64
51,Oregon St.,P12,2016,R64,7,31,18,0.580645161,109.9,98.1,0.788,49.8,49.5,16.6,19.5,29,32.2,36.8,39.3,46.9,50,37.4,32.4,68,0.3,0.063,0.38,0.381,0.285,0.206,0.239,0.604,0.666,0.174,0.952,0.428,0.159,0.047,0.096,0.698,0.747,0.396,0.365,64
52,USC,P12,2016,R64,8,34,21,0.617647059,113.7,98.7,0.8352,52.2,47.3,16.6,16.7,32.1,31.6,35.1,28.3,49.4,46.6,38.7,32.5,72.1,0.2,0.111,0.603,0.318,0.46,0.571,0.667,0.604,0.206,0.492,0.873,0.333,0.747,0.333,0.477,0.873,0.715,0.92,0.333,64
53,Holy Cross,Pat,2016,R64,16,35,15,0.428571429,96.7,106.9,0.2398,47.9,53.2,16.8,19.6,23.1,29.6,36.1,33.4,47.2,52.8,32.6,35.7,64.6,-14.5,0,0,0.032,0,0.031,0.016,0.572,0.698,0.015,0.603,0.396,0.477,0.079,0.016,0.095,0.159,0.063,0,64
54,Chattanooga,SC,2016,R64,12,33,27,0.818181818,105.6,100.8,0.6286,51.7,50.5,18,20.2,32.3,29,41.6,30.9,50.7,50.5,35.6,33.7,67.3,0.4,0.904,0.174,0.159,0.142,0.507,0.08,0.302,0.761,0.571,0.476,0.809,0.62,0.492,0.064,0.444,0.508,0.301,0.396,64
55,South Dakota St.,Sum,2016,R64,12,32,24,0.75,110.5,101.1,0.737,51.3,48,17.1,17.2,32.4,25.5,40.2,40.2,49.7,47.1,36.1,33.3,69.2,-1.2,0.666,0.444,0.127,0.253,0.38,0.524,0.556,0.269,0.587,0.142,0.682,0.143,0.349,0.445,0.492,0.572,0.619,0.19,64
56,Cal St. Bakersfield,WAC,2016,R64,15,30,21,0.7,103.4,95.7,0.7106,49.3,45.2,18.2,21.5,34.1,29.7,38,42.1,48.5,42.8,34.3,33.4,68.4,-3.5,0.507,0.079,0.604,0.206,0.126,0.858,0.254,0.936,0.714,0.619,0.571,0.08,0.19,0.905,0.222,0.54,0.476,0.142,64
57,Duke,ACC,2016,S16,4,36,25,0.694444444,121.2,98.9,0.9122,53.7,49.5,14.3,17.4,33.2,34.7,40.6,25.3,51,48.9,38.5,34,68.7,4.2,0.428,0.904,0.302,0.73,0.746,0.239,0.985,0.285,0.65,0.984,0.746,0.921,0.523,0.239,0.841,0.397,0.539,0.761,64
58,Miami FL,ACC,2016,S16,3,35,27,0.771428571,119.4,96.5,0.9203,54.2,48.3,16.5,17.4,30.1,29.5,40.7,29.1,53.2,46.9,37.5,34.4,67,6.9,0.746,0.857,0.508,0.809,0.793,0.429,0.62,0.285,0.285,0.571,0.761,0.699,0.841,0.461,0.761,0.334,0.269,0.873,64
59,Indiana,B10,2016,S16,5,35,27,0.771428571,121.3,98.4,0.9168,58.7,49.8,19.6,18.9,37.2,29.2,33.9,30.2,56.1,49,41.6,34.3,69.5,3.2,0.746,0.92,0.366,0.793,1,0.143,0.064,0.587,0.92,0.507,0.238,0.651,0.968,0.207,0.968,0.366,0.666,0.634,64
60,Maryland,B10,2016,S16,5,35,26,0.742857143,114.9,96.3,0.8839,55.2,46.5,18.9,16.4,29.1,29.9,37,27,55.8,45.5,36.2,32.1,67.9,4,0.603,0.682,0.524,0.603,0.904,0.762,0.096,0.19,0.19,0.666,0.444,0.889,0.952,0.683,0.507,0.778,0.38,0.746,64
61,Wisconsin,B10,2016,S16,7,35,22,0.628571429,108.8,93.5,0.8509,48.5,48.1,17.1,18.6,33.1,27.7,38,33.6,46.6,44.8,34.9,37.4,64.1,0.4,0.19,0.301,0.826,0.476,0.095,0.477,0.556,0.507,0.634,0.38,0.571,0.445,0.031,0.747,0.365,0,0.047,0.396,64
62,Iowa St.,B12,2016,S16,3,35,23,0.657142857,121.4,98.6,0.9162,57.1,49.8,15.7,16.8,26.2,30.1,26.1,24.9,56.7,49.5,38.7,33.5,72.3,3.6,0.301,0.936,0.35,0.761,0.984,0.143,0.778,0.238,0.063,0.714,0,0.969,0.984,0.143,0.873,0.524,0.936,0.73,64
63,Texas A&M,SEC,2016,S16,3,37,28,0.756756757,113,92.2,0.9126,51.2,47.4,17.4,20.7,34.8,29.2,38.1,32.3,51.3,45.6,34.1,33.3,68.4,5.2,0.698,0.555,0.905,0.746,0.333,0.635,0.461,0.857,0.777,0.507,0.603,0.572,0.587,0.651,0.174,0.572,0.476,0.809,64
64,Gonzaga,WCC,2016,S16,11,35,27,0.771428571,117.4,94.5,0.9238,55.2,44.8,17.1,15.1,32.1,26,34.4,28.1,54.3,44.4,37.8,30.3,68.2,2.1,0.746,0.761,0.731,0.841,0.904,0.905,0.556,0.063,0.492,0.206,0.301,0.794,0.888,0.794,0.777,0.969,0.428,0.555,64
1,Gonzaga,WCC,2017,2ND,1,39,37,0.948717949,117.8,86.3,0.9728,56.6,41.1,16.2,17.1,30,26.2,39,26.9,56.3,40,38.2,29,71.5,7.7,1,0.761,1,1,0.888,1,0.747,0.158,0.365,0.174,0.698,0.842,0.92,1,0.682,1,0.793,0.888,64
2,North Carolina,ACC,2017,Champions,1,39,33,0.846153846,121,91.5,0.9615,51.7,48.1,16.2,18.6,41.3,25,34.3,31.6,51,46.3,35.5,33.9,72.8,8.4,0.793,0.888,0.905,0.984,0.253,0.524,0.747,0.428,1,0.095,0.365,0.588,0.38,0.604,0.269,0.445,0.936,0.936,64
3,Kansas,B12,2017,E8,1,36,31,0.861111111,121.5,94.5,0.9472,56.1,48.1,17.6,18.6,34.1,29.7,36,30,53.6,45.3,40.4,35.6,71.4,11,0.857,0.904,0.651,0.888,0.873,0.524,0.397,0.428,0.793,0.666,0.46,0.667,0.73,0.81,0.952,0.175,0.761,0.984,64
4,Xavier,BE,2017,E8,11,38,24,0.631578947,115.6,97.9,0.8713,51.9,51.6,18.4,17.5,34.5,25.5,41.1,33.4,52,52.5,34.5,33.4,68.4,1.6,0.174,0.619,0.381,0.476,0.269,0.08,0.239,0.238,0.825,0.126,0.904,0.461,0.587,0.016,0.158,0.508,0.365,0.396,64
5,Florida,SEC,2017,E8,4,36,27,0.75,116.6,88.9,0.9576,51.6,45.8,16.9,21,32.1,29.5,40.2,34,50.3,45.7,35.9,30.5,70.2,6.4,0.555,0.65,0.969,0.952,0.222,0.874,0.588,0.904,0.619,0.603,0.793,0.381,0.238,0.683,0.365,0.921,0.666,0.793,64
6,Kentucky,SEC,2017,E8,2,38,32,0.842105263,118.3,91.3,0.9517,52.9,47.5,15.7,19.2,33.5,27.7,40.9,33.5,52.9,48.3,35.3,30.6,73.7,9,0.777,0.809,0.921,0.936,0.476,0.731,0.826,0.523,0.73,0.349,0.873,0.413,0.682,0.35,0.238,0.905,0.984,0.968,64
7,Oregon,P12,2017,F4,3,38,33,0.868421053,117.8,93.8,0.9321,55.5,46.4,17.1,19.3,32.4,29.5,34.4,26.3,54.5,46.1,38,31.2,68.4,6,0.904,0.761,0.762,0.777,0.825,0.794,0.493,0.555,0.634,0.603,0.412,0.905,0.809,0.62,0.666,0.794,0.365,0.777,64
8,South Carolina,SEC,2017,F4,7,36,26,0.722222222,108.7,89,0.9083,47.3,45.5,18.4,24.3,34,31.6,40.2,44.5,45.9,45.4,33.4,30.6,69.6,1.7,0.365,0.222,0.953,0.619,0,0.905,0.239,0.984,0.777,0.857,0.793,0.032,0,0.778,0.063,0.905,0.523,0.412,64
9,Rhode Island,A10,2017,R32,11,35,25,0.714285714,111.1,94.1,0.8717,50.8,45,16.4,19.4,32.8,29.7,39.2,45,51.2,45.4,33.3,29.5,67.7,0.4,0.349,0.349,0.699,0.492,0.111,0.969,0.683,0.603,0.666,0.666,0.714,0.016,0.476,0.778,0.047,0.969,0.301,0.269,64
10,Duke,ACC,2017,R32,2,37,28,0.756756757,122.1,95.6,0.9436,54.8,47.4,16.3,17.3,31.7,29.8,39.3,31.2,53.5,48.9,37.9,29.3,69.7,8.6,0.587,0.936,0.556,0.857,0.746,0.747,0.699,0.19,0.571,0.698,0.73,0.604,0.714,0.286,0.619,0.985,0.571,0.952,64
11,Florida St.,ACC,2017,R32,3,35,26,0.742857143,115.4,95.2,0.9014,53.7,47.9,16.4,19.5,33.8,29.8,38.4,37.3,54.4,45.4,34.7,34.9,72.8,5.9,0.507,0.587,0.62,0.587,0.603,0.588,0.683,0.619,0.746,0.698,0.65,0.175,0.793,0.778,0.206,0.254,0.936,0.746,64
12,Louisville,ACC,2017,R32,2,34,25,0.735294118,117.6,91.5,0.9469,51.4,45.7,16,19.6,36.7,28.5,34,38.8,50.5,44.8,35.5,31.6,69.4,6.9,0.46,0.698,0.905,0.873,0.19,0.889,0.794,0.682,0.904,0.46,0.349,0.127,0.269,0.874,0.269,0.762,0.476,0.873,64
13,Notre Dame,ACC,2017,R32,5,36,26,0.722222222,119.3,96.4,0.9205,53.6,49.1,14,18.7,27.3,30.8,28.6,26.7,50.9,48.2,38.4,33.8,68.3,5.9,0.365,0.841,0.477,0.666,0.571,0.318,0.985,0.476,0.238,0.825,0.095,0.858,0.333,0.366,0.73,0.493,0.333,0.746,64
14,Virginia,ACC,2017,R32,5,34,23,0.676470588,111.8,86.9,0.9477,52.4,46.1,15.6,20.7,28.3,24.5,26,33.8,49.7,45.1,38.5,31.7,60.3,5,0.269,0.428,0.985,0.904,0.349,0.842,0.858,0.873,0.253,0.063,0.015,0.397,0.158,0.842,0.761,0.747,0,0.666,64
15,Cincinnati,Amer,2017,R32,6,36,30,0.833333333,115.2,92.1,0.9292,52,45.2,15.3,20.2,35.5,29.4,32.5,29.1,52.1,41.4,34.5,34.4,65.4,5.6,0.73,0.571,0.858,0.746,0.285,0.937,0.889,0.825,0.841,0.571,0.222,0.715,0.603,0.985,0.158,0.334,0.142,0.714,64
16,Michigan St.,B10,2017,R32,9,35,20,0.571428571,111.6,94.9,0.8661,54,46.7,20.5,15.9,29.2,27.3,33.5,34.7,52.9,44.1,37.3,34.6,68.1,0.4,0.047,0.396,0.635,0.444,0.65,0.778,0.048,0.031,0.301,0.285,0.301,0.318,0.682,0.921,0.571,0.302,0.317,0.269,64
17,Northwestern,B10,2017,R32,8,36,24,0.666666667,111.2,95.2,0.8564,49.7,46.1,16,17.9,30.8,30.6,30.5,36.1,48.8,44,34.2,33.3,66.9,2,0.238,0.365,0.62,0.428,0.079,0.842,0.794,0.301,0.46,0.809,0.142,0.223,0.079,0.937,0.126,0.54,0.206,0.46,64
18,Iowa St.,B12,2017,R32,5,35,24,0.685714286,120,96.2,0.9265,55,49,14.1,19.5,25.7,31.6,27.6,25.6,51.8,47.5,40,34.6,69.6,6.5,0.317,0.857,0.493,0.73,0.761,0.35,0.969,0.619,0.111,0.857,0.047,0.921,0.555,0.413,0.873,0.302,0.523,0.841,64
19,Villanova,BE,2017,R32,1,36,32,0.888888889,122.2,92.5,0.9611,57.5,48.1,17.1,20.1,30.2,27.8,35,22.1,59.2,49.1,36.9,31.1,65.6,11.1,0.968,0.952,0.826,0.968,0.936,0.524,0.493,0.793,0.412,0.365,0.444,1,1,0.254,0.523,0.81,0.158,1,64
20,Middle Tennessee,CUSA,2017,R32,12,35,31,0.885714286,111.2,96.6,0.8339,54.1,47.9,15.6,19.8,30.1,23.8,30,38.2,53.6,47.1,36.9,32.8,65.8,2,0.936,0.365,0.461,0.365,0.682,0.588,0.858,0.777,0.38,0.015,0.111,0.159,0.73,0.461,0.523,0.62,0.174,0.46,64
21,Wichita St.,MVC,2017,R32,10,35,31,0.885714286,117.2,92.2,0.9403,54.2,43.8,16.2,19.3,34.2,24.2,40.4,35.1,50.7,42,40.2,31.2,70,4.1,0.936,0.682,0.842,0.825,0.698,0.985,0.747,0.555,0.809,0.031,0.825,0.302,0.301,0.969,0.888,0.794,0.587,0.634,64
22,USC,P12,2017,R32,11,36,26,0.722222222,113.3,100.6,0.7966,52.2,50.1,15.7,17.9,31,31.4,36.8,24,51,47.2,36.2,36.8,70.1,1.3,0.365,0.476,0.286,0.269,0.333,0.175,0.826,0.301,0.507,0.841,0.539,0.969,0.38,0.445,0.412,0.096,0.634,0.333,64
23,Arkansas,SEC,2017,R32,8,36,26,0.722222222,114.9,99.8,0.8339,51.4,47.8,16.6,18.5,31.9,34.2,38.1,39.1,50,46.7,36.5,33.2,71,3.9,0.365,0.555,0.302,0.365,0.19,0.604,0.635,0.412,0.603,0.968,0.619,0.112,0.206,0.524,0.476,0.572,0.73,0.603,64
24,Saint Mary's,WCC,2017,R32,7,34,29,0.852941176,118,93.8,0.9334,57.8,45.3,17.5,15.3,33.1,21.9,27.8,26.6,56.9,45.4,39.4,30,61.2,3.9,0.809,0.793,0.762,0.793,0.984,0.921,0.413,0,0.682,0,0.063,0.874,0.968,0.778,0.825,0.953,0.015,0.603,64
25,Dayton,A10,2017,R64,7,31,24,0.774193548,111.6,97,0.8333,53.6,47.7,16.9,20.9,25.6,27.4,43.4,35.2,51,47.2,38.4,32.3,69.6,1.5,0.65,0.396,0.429,0.349,0.571,0.651,0.588,0.888,0.095,0.301,0.984,0.286,0.38,0.445,0.73,0.683,0.523,0.365,64
26,VCU,A10,2017,R64,10,35,26,0.742857143,108.1,95.9,0.7988,51,47.5,17.8,21,31.3,27.5,36.4,40.9,51.5,46,33.1,33.8,70.1,1.3,0.507,0.174,0.508,0.285,0.126,0.731,0.381,0.904,0.555,0.333,0.507,0.064,0.507,0.635,0.031,0.493,0.634,0.333,64
27,Miami FL,ACC,2017,R64,8,33,21,0.636363636,110.8,93.1,0.8804,51,47.6,19.5,18.3,33.4,28.2,34.3,28.7,49.8,46.6,35.6,33,64.6,2.9,0.19,0.333,0.794,0.507,0.126,0.667,0.112,0.365,0.714,0.412,0.365,0.731,0.174,0.556,0.301,0.604,0.079,0.507,64
28,Virginia Tech,ACC,2017,R64,9,33,22,0.666666667,118.4,102.5,0.8401,56.9,51,17.2,16.5,23.4,30.5,40.9,27.3,54.6,49,40.3,36.3,70,3.3,0.238,0.825,0.175,0.396,0.904,0.096,0.445,0.095,0.015,0.793,0.873,0.794,0.841,0.27,0.904,0.143,0.587,0.523,64
29,Vermont,AE,2017,R64,13,34,29,0.852941176,110,98.2,0.7864,55.3,48.6,17,19.6,29.8,27.1,34.3,26.5,55.5,46.9,36.7,34.9,65.8,0.7,0.809,0.317,0.35,0.238,0.793,0.445,0.54,0.682,0.349,0.269,0.365,0.889,0.888,0.493,0.507,0.254,0.174,0.317,64
30,SMU,Amer,2017,R64,6,35,30,0.857142857,120,94.1,0.9426,54.6,46,16.9,18.3,37.2,26.4,36,24.6,51,44.1,40.6,32.1,64.8,6.4,0.841,0.857,0.699,0.841,0.714,0.858,0.588,0.365,0.92,0.206,0.46,0.953,0.38,0.921,0.968,0.731,0.095,0.793,64
31,Florida Gulf Coast,ASun,2017,R64,14,31,26,0.838709677,107.8,103.4,0.6169,53.9,49.3,17.9,17.4,33.8,29.6,33.8,35.9,55.4,51,33.7,31,67.2,-1.7,0.746,0.158,0.112,0.174,0.634,0.286,0.334,0.206,0.746,0.634,0.317,0.239,0.873,0.08,0.095,0.858,0.253,0.19,64
32,Maryland,B10,2017,R64,6,32,24,0.75,113.4,97.9,0.8448,52.4,47.5,19,18,30.4,32.3,38.5,32.6,51,45.6,36.3,34.2,68.6,3.7,0.555,0.492,0.381,0.412,0.349,0.731,0.159,0.333,0.428,0.936,0.666,0.54,0.38,0.699,0.46,0.366,0.412,0.555,64
33,Minnesota,B10,2017,R64,5,34,24,0.705882353,109.3,92.9,0.8665,48.7,45.1,16.1,17.6,29.7,30.2,39.6,29.2,47.5,44.5,34.3,30.9,70.9,3.7,0.333,0.269,0.81,0.46,0.063,0.953,0.762,0.269,0.333,0.777,0.746,0.699,0.031,0.889,0.142,0.874,0.714,0.555,64
34,Kansas St.,B12,2017,R64,11,35,21,0.6,112.2,94.2,0.8818,52.7,49.6,19.1,22.1,29.5,32.3,41.1,33.4,51.8,45.5,36.2,38.2,67.2,1.7,0.079,0.444,0.667,0.523,0.444,0.254,0.143,0.968,0.317,0.936,0.904,0.461,0.555,0.715,0.412,0,0.253,0.412,64
35,Oklahoma St.,B12,2017,R64,10,32,20,0.625,126.8,102.3,0.9221,54,53.2,18.2,20.3,38.3,31.9,37.4,45.4,50.4,52.4,40.3,36.4,72.9,3.3,0.111,1,0.191,0.682,0.65,0.032,0.302,0.857,0.968,0.888,0.587,0,0.253,0.048,0.904,0.127,0.968,0.523,64
36,Creighton,BE,2017,R64,6,34,25,0.735294118,114.5,95.2,0.8931,57.6,49.9,17.1,19.3,24.2,29.6,27.9,29.3,56.4,50.2,39.8,33,72.7,4.3,0.46,0.523,0.62,0.571,0.968,0.223,0.493,0.555,0.047,0.634,0.079,0.683,0.952,0.127,0.857,0.604,0.92,0.65,64
37,Marquette,BE,2017,R64,10,32,19,0.59375,121.8,101.8,0.8881,57.5,52.2,17.3,18.3,27.1,29.2,31,35.7,52.7,50.6,42.9,36.8,71.5,0.6,0.063,0.92,0.223,0.539,0.936,0.048,0.429,0.365,0.19,0.555,0.174,0.254,0.634,0.096,1,0.096,0.793,0.301,64
38,Seton Hall,BE,2017,R64,9,33,21,0.636363636,108.9,95.6,0.8178,49.9,49,19.5,17.5,35.7,25.4,37.6,36.1,49.6,48,33.8,34.1,68.9,2.7,0.19,0.253,0.556,0.333,0.095,0.35,0.112,0.238,0.873,0.111,0.603,0.223,0.142,0.381,0.111,0.413,0.428,0.492,64
39,North Dakota,BSky,2017,R64,15,29,22,0.75862069,103.1,102.7,0.5112,53.4,50.7,18.3,19.6,26,27.8,36.1,39.7,51.4,50,38.7,34.8,72.5,-5.3,0.619,0.047,0.143,0.079,0.523,0.127,0.27,0.682,0.126,0.365,0.492,0.08,0.492,0.159,0.793,0.27,0.904,0.111,64
40,Winthrop,BSth,2017,R64,13,31,26,0.838709677,105.3,101.3,0.6106,53.5,46.7,17.8,18.6,26.3,28.4,38.2,34.5,50.9,45.9,37.9,32.1,72.3,-1.8,0.746,0.095,0.239,0.158,0.555,0.778,0.381,0.428,0.142,0.444,0.634,0.334,0.333,0.651,0.619,0.731,0.888,0.174,64
41,UC Davis,BW,2017,R64,16,34,23,0.676470588,97.4,100.8,0.4033,48.4,48.7,20.3,19.6,29.1,28.3,40.8,33.1,46.9,48.5,34.5,32.6,70.3,-7.5,0.269,0,0.254,0.015,0.047,0.429,0.064,0.682,0.269,0.428,0.857,0.493,0.015,0.318,0.158,0.635,0.682,0.063,64
42,UNC Wilmington,CAA,2017,R64,12,33,29,0.878787879,117.7,105,0.7881,55,53.2,13.9,20.1,32.5,28.5,30.8,39.6,55.7,54.2,36.1,34,71.5,1.5,0.92,0.73,0.064,0.253,0.761,0.032,1,0.793,0.65,0.46,0.158,0.096,0.904,0,0.396,0.429,0.793,0.365,64
43,Northern Kentucky,Horz,2017,R64,15,33,24,0.727272727,105.5,104.1,0.537,52.4,49.7,18.8,17,31.2,26.4,36.5,30.5,51.6,50.2,35.7,32.4,69.3,-4.9,0.428,0.111,0.096,0.111,0.349,0.239,0.191,0.142,0.523,0.206,0.523,0.635,0.539,0.127,0.317,0.667,0.46,0.126,64
44,Princeton,Ivy,2017,R64,12,29,23,0.793103448,107.6,95.4,0.7989,53.2,48.7,15.2,20.2,24.1,24.7,24.4,32,50.5,46.9,37.6,34.5,64.2,-0.4,0.666,0.142,0.572,0.301,0.492,0.429,0.905,0.825,0.031,0.079,0,0.572,0.269,0.493,0.587,0.318,0.047,0.222,64
45,Iona,MAAC,2017,R64,14,35,22,0.628571429,109.3,106,0.5879,53.4,50,16.5,18,27,32.1,31,33.4,49.3,47.7,39.7,36.1,71.7,-5.8,0.126,0.269,0.048,0.142,0.523,0.191,0.651,0.333,0.174,0.92,0.174,0.461,0.111,0.397,0.841,0.159,0.857,0.095,64
46,Kent St.,MAC,2017,R64,14,35,22,0.628571429,104.1,102.9,0.5322,48.2,50.1,17.9,19,38.1,29.8,32.5,34.3,48.5,48.5,31.7,35.3,69.5,-7.2,0.126,0.063,0.127,0.095,0.031,0.175,0.334,0.492,0.952,0.698,0.222,0.366,0.063,0.318,0.015,0.223,0.507,0.079,64
47,Nevada,MWC,2017,R64,12,35,28,0.8,113.7,100.7,0.8021,52.5,48.3,15.5,15.9,30.4,26.3,41.3,28.2,49.2,49.3,38.2,31,71,1.7,0.698,0.507,0.27,0.317,0.396,0.461,0.874,0.031,0.428,0.19,0.936,0.762,0.095,0.223,0.682,0.858,0.73,0.412,64
48,Mount St. Mary's,NEC,2017,R64,16,36,20,0.555555556,98.9,101.8,0.4155,51,49.9,19.2,21.7,23.1,34.8,32.4,32.6,49.4,49.5,35.8,34.1,68.3,-7.9,0.031,0.015,0.223,0.031,0.126,0.223,0.127,0.936,0,0.984,0.206,0.54,0.126,0.191,0.333,0.413,0.333,0.047,64
49,Jacksonville St.,OVC,2017,R64,15,33,20,0.606060606,104.4,104.2,0.5054,52.6,49.4,20.7,16.6,31.2,28.5,33.4,34.4,50.8,45.1,37.2,37.8,65,-8,0.095,0.079,0.08,0.063,0.428,0.27,0.016,0.111,0.523,0.46,0.285,0.35,0.317,0.842,0.555,0.032,0.111,0.031,64
50,Bucknell,Pat,2017,R64,13,35,26,0.742857143,108.3,99.1,0.7352,55.3,48,18.9,19.7,26.8,27.9,37.2,33.1,54.3,46.5,37.9,34.2,71.4,-2.1,0.507,0.206,0.334,0.206,0.793,0.54,0.175,0.761,0.158,0.396,0.571,0.493,0.777,0.588,0.619,0.366,0.761,0.158,64
51,Troy,SB,2017,R64,15,35,22,0.628571429,108.8,106.6,0.5596,51.6,50.1,17.8,17.6,30.8,29.8,40.1,32.8,50.9,49.5,35.1,34.1,69.4,-8.1,0.126,0.238,0.016,0.126,0.222,0.175,0.381,0.269,0.46,0.698,0.777,0.508,0.333,0.191,0.222,0.413,0.476,0.015,64
52,East Tennessee St.,SC,2017,R64,13,33,27,0.818181818,107.3,97.1,0.7595,55.8,48.7,20.8,22,30.1,27.4,42.8,38.2,55,45.7,38.2,35.4,71.5,-0.7,0.714,0.126,0.413,0.222,0.857,0.429,0,0.952,0.38,0.301,0.952,0.159,0.857,0.683,0.682,0.191,0.793,0.206,64
53,Vanderbilt,SEC,2017,R64,9,35,19,0.542857143,112.5,93.8,0.8898,52.1,48.1,18.2,16.1,24.8,27,34.8,30.7,48.1,46.8,37.6,33.8,67,0.1,0,0.46,0.762,0.555,0.301,0.524,0.302,0.063,0.079,0.238,0.428,0.62,0.047,0.508,0.587,0.493,0.222,0.253,64
54,South Dakota St.,Sum,2017,R64,16,33,18,0.545454545,108.2,109.7,0.4612,53.2,53.8,18.4,16.2,27.1,28.9,39.9,27.1,52.7,52.4,35.8,36.9,68.5,-9.8,0.015,0.19,0,0.047,0.492,0,0.239,0.079,0.19,0.539,0.761,0.826,0.634,0.048,0.333,0.064,0.396,0,64
55,Texas Southern,SWAC,2017,R64,16,35,23,0.657142857,100.6,106.5,0.3437,48.1,49.1,16.6,19.2,31.7,34.9,44.3,32.3,50,49.3,29.6,32.5,70,-4.4,0.222,0.031,0.032,0,0.015,0.318,0.635,0.523,0.571,1,1,0.556,0.206,0.223,0,0.651,0.587,0.142,64
56,New Mexico St.,WAC,2017,R64,14,31,28,0.903225806,109.4,102.5,0.6783,52.7,47.9,19.5,19.1,35.6,28.5,43.3,35.2,54.2,49.1,33.5,30.3,69.1,-0.2,0.984,0.301,0.175,0.19,0.444,0.588,0.112,0.507,0.857,0.46,0.968,0.286,0.761,0.254,0.079,0.937,0.444,0.238,64
57,Michigan,B10,2017,S16,7,38,26,0.684210526,123.3,97.6,0.9366,57,51.9,14.2,19.5,24.7,30,30.1,27.2,56.3,50,38.5,37.8,64,3.8,0.301,0.984,0.397,0.809,0.92,0.064,0.953,0.619,0.063,0.761,0.126,0.81,0.92,0.159,0.761,0.032,0.031,0.587,64
58,Purdue,B10,2017,S16,4,35,27,0.771428571,116.6,93.1,0.9297,55.7,47.7,18.3,16.6,30.8,24.4,33.3,22.9,52.7,46.6,40.3,33.2,70.4,5.6,0.634,0.65,0.794,0.761,0.841,0.651,0.27,0.111,0.46,0.047,0.269,0.985,0.634,0.556,0.904,0.572,0.698,0.714,64
59,Wisconsin,B10,2017,S16,8,37,27,0.72972973,114.5,92,0.9255,52.1,47.5,17,19.5,35.9,25.9,32.9,28,51.1,43.1,35.9,37.6,64.4,5.1,0.444,0.523,0.874,0.714,0.301,0.731,0.54,0.619,0.888,0.142,0.253,0.778,0.46,0.953,0.365,0.048,0.063,0.682,64
60,Baylor,B12,2017,S16,3,34,27,0.794117647,116.4,93.9,0.9226,52.5,46.1,20.6,17.1,39.8,29.4,33.9,30.1,52.2,45,35.3,32.2,65.1,7.9,0.682,0.634,0.715,0.698,0.396,0.842,0.032,0.158,0.984,0.571,0.333,0.651,0.619,0.858,0.238,0.699,0.126,0.904,64
61,West Virginia,B12,2017,S16,4,37,28,0.756756757,115.4,89.3,0.9498,51.3,48.8,17,27.6,37.9,31.9,38.9,42.5,49.8,46.5,36.2,35.3,72.2,6.4,0.587,0.587,0.937,0.92,0.174,0.366,0.54,1,0.936,0.888,0.682,0.048,0.174,0.588,0.412,0.223,0.873,0.793,64
62,Butler,BE,2017,S16,4,34,25,0.735294118,117.7,96.9,0.9038,54.6,50.8,15,19.6,27.2,27,37.1,37,54.5,51.3,36.6,33.3,67.2,5.5,0.46,0.73,0.445,0.603,0.714,0.112,0.937,0.682,0.222,0.238,0.555,0.191,0.809,0.064,0.492,0.54,0.253,0.698,64
63,Arizona,P12,2017,S16,2,37,32,0.864864865,117.6,95.6,0.9157,53.7,47.7,16.6,17.4,33.2,26,40.5,28.6,51.5,48.4,39,31,67.1,7.9,0.888,0.698,0.556,0.634,0.603,0.651,0.635,0.206,0.698,0.158,0.841,0.747,0.507,0.334,0.809,0.858,0.238,0.904,64
64,UCLA,P12,2017,S16,3,36,31,0.861111111,122.8,99.6,0.9175,59.8,48.7,15.1,15.8,29.1,28.6,26.8,25.4,59.1,45.3,40.6,36.5,74.6,6.6,0.857,0.968,0.318,0.65,1,0.429,0.921,0.015,0.269,0.523,0.031,0.937,0.984,0.81,0.968,0.112,1,0.857,64
1,Michigan,B10,2018,2ND,3,40,33,0.825,114.4,90.4,0.9375,53.9,47.7,14,19.5,25.5,24.9,30.7,30,54.7,46.8,35.2,33.2,65.9,6.9,0.809,0.571,0.969,0.904,0.603,0.683,0.985,0.666,0.126,0.174,0.222,0.604,0.761,0.62,0.269,0.604,0.063,0.888,64
2,Villanova,BE,2018,Champions,1,40,36,0.9,128.4,94.1,0.9725,59.5,48.5,15,18.2,29.6,27.1,29.4,26.7,59,49,40.1,31.7,69.6,10.6,0.936,1,0.81,1,1,0.556,0.905,0.428,0.507,0.38,0.142,0.826,1,0.286,0.952,0.889,0.476,0.984,64
3,Duke,ACC,2018,E8,2,37,29,0.783783784,122.3,92.9,0.9592,55.9,46.4,17.5,17.3,38.8,30,34.6,22.3,56,45.4,37.2,32,70.9,6.6,0.714,0.968,0.905,0.968,0.809,0.905,0.334,0.238,1,0.761,0.507,1,0.888,0.826,0.603,0.81,0.73,0.873,64
4,Florida St.,ACC,2018,E8,9,35,23,0.657142857,113.2,96.4,0.8631,53.2,48.4,17.8,19.4,32.3,29.8,37,32.4,53.6,45.4,35,35.5,72.5,0.9,0.269,0.492,0.556,0.587,0.523,0.588,0.27,0.619,0.666,0.746,0.73,0.366,0.666,0.826,0.222,0.191,0.857,0.365,64
5,Kansas St.,B12,2018,E8,9,37,25,0.675675676,109.6,93.7,0.8584,52.6,49.1,17.2,21.6,25.9,31.9,33.8,36.8,53.4,48.9,34.1,33,66.5,2.5,0.317,0.317,0.874,0.555,0.396,0.445,0.493,0.92,0.174,0.936,0.46,0.223,0.634,0.318,0.158,0.651,0.142,0.619,64
6,Texas Tech,B12,2018,E8,3,37,27,0.72972973,112.7,91.5,0.917,52,46.4,17.8,21.7,32.9,28.7,39.3,38,51.1,45.1,35.9,32.3,67.6,4.7,0.492,0.476,0.953,0.793,0.349,0.905,0.27,0.952,0.682,0.619,0.825,0.191,0.301,0.874,0.396,0.747,0.222,0.809,64
7,Kansas,B12,2018,F4,1,39,31,0.794871795,122.1,96.4,0.9385,57.5,49.1,16.6,18.2,29.4,31.2,27,24.6,55.6,48.6,40.1,33.3,69.9,8.2,0.746,0.952,0.556,0.92,0.936,0.445,0.683,0.428,0.46,0.904,0.079,0.969,0.857,0.381,0.952,0.524,0.507,0.952,64
8,Loyola Chicago,MVC,2018,F4,11,37,32,0.864864865,110.5,95.4,0.8444,57.7,47.4,19.1,19.4,22.1,25.9,32.2,25.2,56.6,47.1,39.8,32,66.4,2,0.888,0.38,0.651,0.444,0.952,0.715,0.143,0.619,0,0.301,0.333,0.937,0.92,0.572,0.936,0.81,0.126,0.555,64
9,Rhode Island,A10,2018,R32,7,34,26,0.764705882,109.7,97.3,0.7988,51.1,50.4,15.3,22.6,31,28.2,30.1,40.6,50.4,50.6,35.2,33.2,69.6,1.6,0.603,0.349,0.445,0.301,0.158,0.175,0.858,0.968,0.571,0.523,0.174,0.08,0.222,0.096,0.269,0.604,0.476,0.492,64
10,North Carolina,ACC,2018,R32,2,37,26,0.702702703,120.7,97.1,0.9242,52,50.1,16.7,16.3,37.4,25.5,28,26,51,45.3,35.9,38,72.6,7.1,0.38,0.888,0.493,0.857,0.349,0.254,0.651,0.126,0.968,0.253,0.095,0.874,0.285,0.842,0.396,0.016,0.873,0.904,64
11,UMBC,AE,2018,R32,16,33,25,0.757575758,102.1,102.2,0.4963,52.2,51.6,17.2,20.7,25.9,28.3,30.2,30.8,48.1,51,38.2,35,69.3,-4.9,0.555,0.047,0.159,0.047,0.38,0.08,0.493,0.825,0.174,0.571,0.19,0.508,0.079,0.064,0.73,0.334,0.412,0.079,64
12,Cincinnati,Amer,2018,R32,2,36,31,0.861111111,111.6,87.7,0.9417,51.2,43.3,17,21.6,38.5,28.2,36,26.8,50.2,41.4,35.3,30.9,66.2,5.9,0.873,0.444,0.985,0.936,0.174,0.985,0.588,0.92,0.984,0.523,0.65,0.81,0.19,0.985,0.301,0.969,0.095,0.841,64
13,Houston,Amer,2018,R32,6,35,27,0.771428571,114.8,93.9,0.9097,53.3,45.5,17.5,19.1,33.8,25.8,32.6,41.6,50.5,43.8,38.7,32.3,69.4,2.4,0.666,0.634,0.842,0.746,0.539,0.953,0.334,0.603,0.809,0.285,0.349,0.032,0.238,0.953,0.793,0.747,0.444,0.603,64
14,Michigan St.,B10,2018,R32,3,35,30,0.857142857,118.9,94.3,0.9347,56.9,42.7,19.2,14.6,37,26.6,35.9,30.7,55.2,38.4,40.1,33.7,68,8,0.857,0.841,0.794,0.873,0.873,1,0.112,0.015,0.936,0.365,0.634,0.524,0.825,1,0.952,0.461,0.269,0.936,64
15,Ohio St.,B10,2018,R32,5,34,25,0.735294118,116,94.3,0.9154,54.1,48.7,17.1,17.9,30.2,25.2,31.1,29.5,54.7,46.1,35.3,35.1,68.2,4.5,0.507,0.714,0.794,0.777,0.682,0.524,0.508,0.349,0.523,0.222,0.253,0.683,0.761,0.683,0.301,0.27,0.285,0.777,64
16,Butler,BE,2018,R32,10,35,21,0.6,116.1,95.3,0.9068,54,51.9,15.7,19.5,27.6,24.6,26.1,35.3,54.3,49.5,35.7,37.3,69.1,1.7,0.079,0.73,0.683,0.73,0.666,0.048,0.826,0.666,0.301,0.142,0.047,0.254,0.714,0.223,0.349,0.048,0.38,0.507,64
17,Seton Hall,BE,2018,R32,8,34,22,0.647058824,117.8,98.2,0.8902,52.9,50.3,17.8,17.7,34.3,28.4,35.2,29.8,52,50,36.5,33.8,70.7,2.5,0.238,0.825,0.381,0.682,0.444,0.207,0.27,0.301,0.873,0.587,0.555,0.635,0.444,0.159,0.507,0.445,0.682,0.619,64
18,Xavier,BE,2018,R32,1,35,29,0.828571429,120.9,97.7,0.9211,55.9,49.9,17.2,15.7,30.2,23.1,41,25.6,55.9,49.8,37.2,33.4,71.7,8.8,0.825,0.904,0.397,0.825,0.809,0.35,0.493,0.047,0.523,0.047,0.92,0.921,0.873,0.191,0.603,0.508,0.809,0.968,64
19,Marshall,CUSA,2018,R32,13,35,25,0.714285714,108.8,102.5,0.6633,54.7,49.9,17.2,18.4,22.4,32.3,33.1,28.9,55.5,48.7,35.9,35,75.9,-2.5,0.428,0.253,0.127,0.126,0.73,0.35,0.493,0.476,0.015,0.968,0.396,0.731,0.841,0.366,0.396,0.334,0.968,0.174,64
20,Buffalo,MAC,2018,R32,13,35,27,0.771428571,114.5,102.7,0.7761,54.8,48.8,16.5,18.1,31.9,29.1,29.9,39.5,54.3,48.4,37.1,33.1,73.8,-1.3,0.666,0.587,0.08,0.269,0.746,0.493,0.731,0.412,0.603,0.666,0.158,0.096,0.714,0.397,0.587,0.635,0.936,0.253,64
21,Alabama,SEC,2018,R32,9,36,20,0.555555556,107.9,95.3,0.8074,51.9,47.8,20.3,18.7,29.4,30.9,41.9,36.5,53.5,46.9,32.6,32.8,69.9,-1.1,0.015,0.206,0.683,0.349,0.333,0.667,0.048,0.507,0.46,0.857,0.936,0.239,0.65,0.604,0.031,0.683,0.507,0.269,64
22,Auburn,SEC,2018,R32,4,34,26,0.764705882,114,96.9,0.8672,50.8,49.7,16.4,20.7,32.1,28,39.8,38.1,48.7,47.7,35.7,35.1,73.8,4.3,0.603,0.539,0.508,0.634,0.111,0.381,0.747,0.825,0.65,0.476,0.841,0.175,0.126,0.493,0.349,0.27,0.936,0.746,64
23,Florida,SEC,2018,R32,6,34,21,0.617647059,115.2,93.9,0.9132,50.8,48.7,14.3,20,28.7,30.5,32.6,32.4,47.6,46.6,37,35.2,68.5,1.4,0.111,0.65,0.842,0.761,0.111,0.524,0.937,0.73,0.365,0.825,0.349,0.366,0.047,0.635,0.571,0.239,0.349,0.444,64
24,Tennessee,SEC,2018,R32,3,35,26,0.742857143,114.2,92,0.9225,50.8,46.7,17.9,20.4,33.4,31.1,35.5,37.6,47.3,46.1,38,31.8,67.1,6.4,0.523,0.555,0.937,0.841,0.111,0.874,0.207,0.761,0.746,0.888,0.603,0.207,0.031,0.683,0.698,0.858,0.19,0.857,64
25,Davidson,A10,2018,R64,12,33,21,0.636363636,117,102.3,0.823,57.4,51.2,14.5,16.2,22.6,23.4,24.6,29.6,56.5,50.3,38.9,35,65.5,-2.9,0.174,0.777,0.143,0.38,0.904,0.112,0.921,0.095,0.047,0.095,0.015,0.667,0.904,0.112,0.841,0.334,0.047,0.158,64
26,St. Bonaventure,A10,2018,R64,11,34,26,0.764705882,109.6,99.7,0.7485,51.6,49,16.3,20.4,29.3,29.1,40.5,38.4,48.5,49.7,38.6,32,70.4,1.4,0.603,0.317,0.318,0.253,0.238,0.477,0.762,0.761,0.444,0.666,0.857,0.159,0.095,0.207,0.777,0.81,0.65,0.444,64
27,Miami FL,ACC,2018,R64,6,32,22,0.6875,113.3,96.6,0.8623,53.1,49,16.8,18.8,29.1,28.2,29.1,28.1,52.2,48.8,36.4,32.8,68.2,2.7,0.349,0.523,0.524,0.571,0.492,0.477,0.62,0.523,0.428,0.523,0.111,0.762,0.555,0.334,0.492,0.683,0.285,0.666,64
28,North Carolina St.,ACC,2018,R64,9,33,21,0.636363636,115.6,101.3,0.821,53.4,51.6,16.8,20.4,33.4,32,34.2,33.7,52.1,53.6,37.2,31.6,72.8,0.9,0.174,0.682,0.223,0.365,0.555,0.08,0.62,0.761,0.746,0.952,0.492,0.302,0.523,0,0.603,0.905,0.904,0.365,64
29,Virginia,ACC,2018,R64,1,34,31,0.911764706,114.6,86.7,0.9612,52.7,44.3,14,20.9,27,25.6,24.5,26.2,50.1,42.8,38.3,31,60.5,11.3,1,0.603,1,0.984,0.412,0.969,0.985,0.857,0.238,0.269,0,0.858,0.174,0.969,0.746,0.937,0,1,64
30,Virginia Tech,ACC,2018,R64,8,33,21,0.636363636,115.2,98.6,0.8579,57.7,50.4,17,18.6,23.9,29.4,36.5,29.4,57.3,49.2,38.8,34.7,70.2,1.3,0.174,0.65,0.35,0.539,0.952,0.175,0.588,0.492,0.079,0.73,0.682,0.699,0.952,0.254,0.825,0.366,0.619,0.412,64
31,Wichita St.,Amer,2018,R64,4,33,25,0.757575758,120.9,102.7,0.8671,55.1,49.4,16.5,16.3,35.4,22.6,34.8,33.2,53.8,46,38.1,36.3,70.1,3.4,0.555,0.904,0.08,0.619,0.793,0.413,0.731,0.126,0.904,0.015,0.523,0.318,0.682,0.699,0.714,0.096,0.587,0.698,64
32,Lipscomb,ASun,2018,R64,15,30,23,0.766666667,103.2,101.8,0.5375,51.5,52,20,19.9,27.4,24.3,40.6,38.4,53.2,52.8,32.7,33.8,75.9,-3.2,0.65,0.063,0.175,0.079,0.222,0.032,0.064,0.714,0.285,0.126,0.904,0.159,0.587,0.016,0.047,0.445,0.968,0.126,64
33,Oklahoma,B12,2018,R64,10,32,18,0.5625,114.6,99.5,0.835,53.5,51,17.3,16.8,28.4,30,33.2,25.6,53.3,49.1,35.9,36.2,76.7,1.1,0.047,0.603,0.334,0.412,0.571,0.127,0.413,0.174,0.333,0.761,0.412,0.921,0.603,0.27,0.396,0.112,1,0.396,64
34,TCU,B12,2018,R64,6,33,21,0.636363636,119.5,100.5,0.8804,56.5,52.3,17.8,17.4,34.2,26.1,34.1,30.5,55.1,50.1,39.4,37.6,70,2.2,0.174,0.873,0.254,0.65,0.857,0.016,0.27,0.253,0.857,0.317,0.476,0.556,0.809,0.127,0.904,0.032,0.539,0.587,64
35,Texas,B12,2018,R64,10,34,19,0.558823529,109.3,93.7,0.8547,50,48.3,17,18,29.4,29.1,33,26.2,51.2,47.5,32,33.2,66.6,1.4,0.031,0.301,0.874,0.523,0.063,0.62,0.588,0.365,0.46,0.666,0.38,0.858,0.333,0.524,0.015,0.604,0.158,0.444,64
36,Creighton,BE,2018,R64,8,32,21,0.65625,116.2,97.4,0.8836,57.4,50.1,15.6,15.8,22.5,24.6,26.5,24.8,58.7,50,37.2,33.6,72.3,2,0.253,0.746,0.429,0.666,0.904,0.254,0.842,0.063,0.031,0.142,0.063,0.953,0.984,0.159,0.603,0.493,0.841,0.555,64
37,Providence,BE,2018,R64,10,35,21,0.6,108.4,95.9,0.8027,49.6,50.3,17.4,19,28.9,29,38.6,31.8,49.5,51.5,33.2,32.2,68.3,1.9,0.079,0.238,0.588,0.333,0.047,0.207,0.397,0.555,0.412,0.65,0.809,0.429,0.158,0.048,0.079,0.762,0.317,0.523,64
38,Montana,BSky,2018,R64,14,32,26,0.8125,106.7,98.4,0.7184,51.2,48.4,17.4,21.2,33.5,26.1,38.3,41.4,51.4,46.3,33.7,35.2,69.1,-1.1,0.777,0.158,0.366,0.206,0.174,0.588,0.397,0.888,0.777,0.317,0.777,0.048,0.38,0.651,0.111,0.239,0.38,0.269,64
39,Radford,BSth,2018,R64,16,34,23,0.676470588,101.3,102.8,0.4559,49.3,50.1,18.7,20.2,32,28,31.2,31.7,47.1,48.9,35,34.6,64.2,-6.5,0.333,0.015,0.048,0.015,0.031,0.254,0.159,0.746,0.619,0.476,0.269,0.445,0.015,0.318,0.222,0.397,0.031,0.031,64
40,Cal St. Fullerton,BW,2018,R64,15,30,20,0.666666667,101.6,102.5,0.476,51.6,48.2,20.7,18.2,26,28.9,45.6,35.2,52,45,33.8,36.4,70.7,-5.5,0.301,0.031,0.127,0.031,0.238,0.635,0.032,0.428,0.206,0.634,1,0.27,0.444,0.889,0.126,0.08,0.682,0.047,64
41,College of Charleston,CAA,2018,R64,13,32,26,0.8125,106.8,104.3,0.5685,52.7,49.9,15.1,17.8,25.5,27.9,36.6,32.1,52,48.7,35.9,34.6,66,-2.1,0.777,0.174,0.032,0.111,0.412,0.35,0.889,0.333,0.126,0.444,0.698,0.397,0.444,0.366,0.396,0.397,0.079,0.19,64
42,Wright St.,Horz,2018,R64,14,33,25,0.757575758,99.4,97.2,0.5638,48.6,48.3,18.6,21,28.7,25.3,35.3,29.9,47.7,45.8,33.5,34.7,69.3,-3.5,0.555,0,0.461,0.095,0.015,0.62,0.191,0.873,0.365,0.238,0.571,0.62,0.063,0.715,0.095,0.366,0.412,0.095,64
43,Penn,Ivy,2018,R64,16,32,24,0.75,103.6,97.6,0.6644,52.9,47,16.6,17,23.8,22.6,33.4,31.8,53.3,48,34.8,30,70.1,-3.3,0.539,0.095,0.413,0.142,0.444,0.81,0.683,0.206,0.063,0.015,0.428,0.429,0.603,0.445,0.19,1,0.587,0.111,64
44,Iona,MAAC,2018,R64,15,34,20,0.588235294,108.8,107.6,0.5333,53.9,52.5,16,18.8,24.5,30.8,30.2,28.6,51.5,51.7,38.3,35.8,71.5,-7.3,0.063,0.253,0.016,0.063,0.603,0,0.794,0.523,0.095,0.841,0.19,0.747,0.396,0.032,0.746,0.143,0.777,0.015,64
45,San Diego St.,MWC,2018,R64,11,32,22,0.6875,110.2,94.9,0.8486,51.7,48.6,17,19,31.6,25,35.1,29.6,52,47.8,34.1,33.2,70,-1.5,0.349,0.365,0.747,0.492,0.285,0.54,0.588,0.555,0.587,0.19,0.539,0.667,0.444,0.461,0.158,0.604,0.539,0.238,64
46,Murray St.,OVC,2018,R64,12,30,26,0.866666667,110.6,100.8,0.7449,55,47.2,17.6,18,32.9,27.6,37.3,30.5,54.4,47.6,37.2,30.9,67.8,-0.4,0.92,0.396,0.239,0.238,0.777,0.747,0.286,0.365,0.682,0.428,0.746,0.556,0.746,0.508,0.603,0.969,0.253,0.301,64
47,Arizona,P12,2018,R64,4,35,27,0.771428571,117,100.4,0.8528,56.3,49.9,17.5,16.7,33.2,25.1,36.9,31.2,56.7,47.7,36.9,35.8,68.3,3.8,0.666,0.777,0.302,0.507,0.841,0.35,0.334,0.158,0.73,0.206,0.714,0.493,0.936,0.493,0.555,0.143,0.317,0.714,64
48,Bucknell,Pat,2018,R64,14,35,25,0.714285714,108,101.3,0.676,53.9,47.8,17,17,27,27.5,42.6,34.5,55,47,34.8,33.1,72.9,-3,0.428,0.222,0.223,0.158,0.603,0.667,0.588,0.206,0.238,0.412,0.952,0.286,0.793,0.588,0.19,0.635,0.92,0.142,64
49,Georgia St.,SB,2018,R64,15,33,24,0.727272727,108.8,101.5,0.6894,53.9,47.1,16.7,20.6,25.6,33.4,30.9,38.6,50.9,44,38.7,33.8,67.7,-5.1,0.476,0.253,0.191,0.19,0.603,0.778,0.651,0.809,0.158,1,0.238,0.127,0.269,0.921,0.793,0.445,0.238,0.063,64
50,UNC Greensboro,SC,2018,R64,13,32,27,0.84375,103.4,95.2,0.7207,51.7,47.5,19.8,21.4,33.7,23.9,26,39.2,51.1,47.3,35,31.9,66.2,-1.6,0.841,0.079,0.699,0.222,0.285,0.699,0.08,0.904,0.793,0.111,0.031,0.112,0.301,0.556,0.222,0.826,0.095,0.222,64
51,Arkansas,SEC,2018,R64,7,35,23,0.657142857,116.7,100.4,0.8483,53.8,50.4,15.1,19.4,28.8,31.7,37.4,40.8,51.2,48.2,39.5,35.7,71.1,2.8,0.269,0.761,0.302,0.476,0.587,0.175,0.889,0.619,0.396,0.92,0.761,0.064,0.333,0.413,0.92,0.159,0.746,0.682,64
52,Missouri,SEC,2018,R64,8,32,20,0.625,111,96,0.842,54.1,46.7,20.8,16,30.3,27.9,38.3,30.3,50.3,45.4,39,32.7,66.8,0.4,0.142,0.412,0.572,0.428,0.682,0.874,0,0.079,0.555,0.444,0.777,0.572,0.206,0.826,0.857,0.699,0.174,0.333,64
53,Stephen F. Austin,Slnd,2018,R64,14,31,28,0.903225806,103.8,97.1,0.6832,53.1,49.7,20.7,25.9,32,28.5,40.5,50.3,51.7,47.4,37.4,35.6,72.1,-1.8,0.952,0.111,0.493,0.174,0.492,0.381,0.032,1,0.619,0.603,0.857,0,0.428,0.54,0.682,0.175,0.825,0.206,64
54,South Dakota St.,Sum,2018,R64,12,31,28,0.903225806,113.2,100.4,0.7989,54.3,50,14,14.2,24.6,23.3,35.4,25.6,50.7,49.8,39.3,33.6,71.5,0.6,0.952,0.492,0.302,0.317,0.714,0.27,0.985,0,0.111,0.079,0.587,0.921,0.253,0.191,0.888,0.493,0.777,0.349,64
55,Texas Southern,SWAC,2018,R64,16,36,16,0.444444444,104.1,112.4,0.293,50.5,51.2,17.2,16.2,28.5,32.5,42.9,31.2,48.5,49.4,35.9,36.6,72.6,-10.9,0,0.126,0,0,0.095,0.112,0.493,0.095,0.349,0.984,0.968,0.493,0.095,0.239,0.396,0.064,0.873,0,64
56,New Mexico St.,WAC,2018,R64,12,31,28,0.903225806,106.8,95,0.7927,51.6,46,17.4,19,33.8,22.5,29.1,33,52,45.7,34,31.1,69.4,1.3,0.952,0.174,0.715,0.285,0.238,0.937,0.397,0.555,0.809,0,0.111,0.334,0.444,0.747,0.142,0.921,0.444,0.412,64
57,Clemson,ACC,2018,S16,5,35,25,0.714285714,112.5,93.1,0.8984,52.9,47.2,17.4,17.4,27.2,26.3,33.5,27.2,51.6,43.9,36.6,35.2,67.2,3.9,0.428,0.46,0.889,0.698,0.444,0.747,0.397,0.253,0.269,0.349,0.444,0.794,0.412,0.937,0.523,0.239,0.206,0.73,64
58,Syracuse,ACC,2018,S16,11,37,23,0.621621622,106,92.1,0.8344,46.9,46.2,19.1,19.5,34.7,30.4,40.5,31.4,46.6,45.1,31.7,31.8,64,-0.4,0.126,0.142,0.921,0.396,0,0.921,0.143,0.666,0.888,0.809,0.857,0.461,0,0.874,0,0.858,0.015,0.301,64
59,Purdue,B10,2018,S16,2,37,30,0.810810811,123.2,95.7,0.9484,57.7,47,15.8,17.7,28,28,35.6,24.2,54.1,45.5,42,33.2,68.7,7.6,0.761,0.984,0.62,0.952,0.952,0.81,0.81,0.301,0.317,0.476,0.619,0.985,0.698,0.762,1,0.604,0.365,0.92,64
60,West Virginia,B12,2018,S16,5,37,26,0.702702703,120.9,95.8,0.9353,50.4,49.9,16.5,23.3,37,30.1,31.3,44.1,48.8,45.4,35.3,38,71.2,4.6,0.38,0.904,0.604,0.888,0.079,0.35,0.731,0.984,0.936,0.793,0.285,0.016,0.142,0.826,0.301,0.016,0.761,0.793,64
61,Nevada,MWC,2018,S16,7,37,29,0.783783784,118.9,102.5,0.8462,54.8,49.4,13.5,18,26.7,29.3,36.3,30.1,52.1,50.7,39.2,31.7,70.7,2.5,0.714,0.841,0.127,0.46,0.746,0.413,1,0.365,0.222,0.714,0.666,0.588,0.523,0.08,0.873,0.889,0.682,0.619,64
62,Kentucky,SEC,2018,S16,5,37,26,0.702702703,115.8,95.6,0.9,51.8,46.8,18.6,16.8,35.7,31,44,32.3,51.2,48,35.7,30.1,70,4.3,0.38,0.698,0.635,0.714,0.317,0.842,0.191,0.174,0.92,0.873,0.984,0.381,0.333,0.445,0.349,0.985,0.539,0.746,64
63,Texas A&M,SEC,2018,S16,7,35,22,0.628571429,111.2,94.7,0.864,51.4,46.9,19.2,15.3,33.9,27.3,32,27.6,52.5,45.7,32.9,32.6,70.3,1.9,0.158,0.428,0.762,0.603,0.206,0.826,0.112,0.031,0.841,0.396,0.301,0.778,0.571,0.747,0.063,0.715,0.634,0.523,64
64,Gonzaga,WCC,2018,S16,4,37,32,0.864864865,117.2,94.9,0.9192,57,47.1,16.1,17.4,33,23.1,32.1,29.1,58.2,44.1,36.8,35,70.5,4.9,0.888,0.809,0.747,0.809,0.888,0.778,0.778,0.253,0.714,0.047,0.317,0.715,0.968,0.905,0.539,0.334,0.666,0.825,64
1,Texas Tech,B12,2019,2ND,3,38,31,0.815789474,115.2,85.2,0.9696,53.5,43,17.7,22.8,27.4,28.7,32.9,36.6,52.8,41.9,36.5,29.7,67.5,6.9,0.73,0.746,1,0.968,0.555,0.985,0.413,0.904,0.238,0.65,0.46,0.08,0.587,0.985,0.634,0.889,0.428,0.888,64
2,Virginia,ACC,2019,Champions,1,38,35,0.921052632,123,89.9,0.9736,55.2,44.7,14.7,17.5,30.4,25.4,29.1,26.3,52.5,45.7,39.5,28.9,60.7,10.6,0.984,0.984,0.889,0.984,0.825,0.889,0.953,0.222,0.539,0.238,0.126,0.905,0.539,0.715,0.952,0.969,0,0.984,64
3,Duke,ACC,2019,E8,1,38,32,0.842105263,118.9,89.2,0.9646,53.6,45,17.5,19.4,35.6,29.5,33.2,24,58,45,30.8,29.9,73.6,6.6,0.793,0.888,0.921,0.936,0.603,0.874,0.493,0.65,0.904,0.761,0.476,0.969,0.968,0.778,0.031,0.874,0.968,0.873,64
4,Purdue,B10,2019,E8,3,36,26,0.722222222,122.8,94.3,0.9539,53.6,49,15.8,18.6,34.5,27,29.9,31.7,51.5,47.2,37.4,34.2,67,0.9,0.412,0.952,0.604,0.873,0.603,0.334,0.889,0.492,0.857,0.492,0.174,0.493,0.38,0.54,0.761,0.239,0.301,0.365,64
5,Kentucky,SEC,2019,E8,2,37,30,0.810810811,117.5,89.8,0.9568,53,46.6,18.6,17.9,36.8,25.5,41.9,26.8,52.9,43.6,35.4,34.3,66.9,2.5,0.698,0.825,0.905,0.888,0.476,0.731,0.223,0.253,0.952,0.253,0.952,0.842,0.603,0.889,0.444,0.223,0.285,0.619,64
6,Gonzaga,WCC,2019,E8,1,37,33,0.891891892,123.4,89.9,0.9744,59,44.2,14.9,19,31.5,26.8,35.3,25.9,61.4,43.4,36.3,30.4,72,4.7,0.888,1,0.889,1,1,0.905,0.937,0.539,0.634,0.444,0.698,0.921,1,0.921,0.603,0.858,0.92,0.809,64
7,Michigan St.,B10,2019,F4,2,39,32,0.820512821,119.9,91,0.9597,55.2,43.9,18.5,14.9,33.9,26.4,33.6,27.5,54.3,41.9,37.8,31.6,68.6,8.2,0.761,0.904,0.826,0.92,0.825,0.953,0.254,0.031,0.809,0.38,0.523,0.794,0.777,0.985,0.825,0.762,0.539,0.952,64
8,Auburn,SEC,2019,F4,5,39,30,0.769230769,121.3,95.2,0.942,54.4,51.7,16.8,24.6,31.6,32.8,30.9,36.4,51.7,51.4,38.1,34.8,69.3,2,0.587,0.936,0.572,0.825,0.73,0.064,0.731,1,0.65,0.936,0.269,0.112,0.428,0.048,0.873,0.143,0.65,0.555,64
9,UCF,Amer,2019,R32,9,33,24,0.727272727,112.7,93.3,0.898,52.9,45.4,17.6,18,29.5,29.6,45.3,29.2,52,44.5,36.5,31.3,66.4,1.6,0.46,0.587,0.699,0.666,0.444,0.842,0.429,0.269,0.365,0.777,1,0.588,0.476,0.826,0.634,0.826,0.19,0.492,64
10,Iowa,B10,2019,R32,10,35,23,0.657142857,116.1,100.6,0.8385,52.7,51.5,17.2,18.4,29.8,29.4,42.3,28.8,51.4,53.5,36.4,32.4,70.9,7.1,0.238,0.777,0.191,0.412,0.428,0.08,0.635,0.412,0.444,0.73,0.968,0.62,0.365,0,0.619,0.667,0.825,0.904,64
11,Maryland,B10,2019,R32,6,34,23,0.676470588,111.6,93.3,0.8875,51.4,45.9,19.4,14.1,34.1,24.8,32.8,26.6,50.8,44.7,34.9,31.9,67.7,-4.9,0.285,0.492,0.699,0.619,0.301,0.81,0.08,0,0.825,0.111,0.444,0.858,0.253,0.81,0.317,0.731,0.46,0.079,64
12,Minnesota,B10,2019,R32,10,36,22,0.611111111,110.4,96.3,0.8284,48.2,49.5,17.1,16.9,31.4,28.4,41.6,28.2,48.5,48.7,31.7,34,68.8,5.9,0.174,0.396,0.477,0.365,0.031,0.27,0.667,0.158,0.619,0.619,0.936,0.699,0.063,0.334,0.047,0.27,0.587,0.841,64
13,Ohio St.,B10,2019,R32,11,35,20,0.571428571,107.8,93.8,0.8329,50.3,48.3,18.7,18.2,27.6,25.9,33.7,31.8,49.7,47.9,34.1,32.7,67.2,2.4,0.031,0.222,0.651,0.38,0.158,0.493,0.207,0.333,0.269,0.285,0.539,0.477,0.142,0.461,0.206,0.604,0.365,0.603,64
14,Baylor,B12,2019,R32,9,34,20,0.588235294,114.6,99.2,0.84,51.2,49.1,19.7,18.6,37.9,29.4,32.3,36.5,51.2,47.5,34.1,34.5,66.6,8,0.063,0.682,0.239,0.428,0.253,0.302,0.048,0.492,1,0.73,0.38,0.096,0.317,0.493,0.206,0.159,0.238,0.936,64
15,Kansas,B12,2019,R32,4,36,26,0.722222222,112.9,92.4,0.9092,52.6,47.8,18.8,18.2,30.1,27.9,32.5,27.8,52.6,46,35,33.6,71.5,4.5,0.412,0.603,0.762,0.746,0.396,0.572,0.175,0.333,0.46,0.603,0.396,0.747,0.555,0.683,0.365,0.381,0.873,0.777,64
16,Oklahoma,B12,2019,R32,9,34,20,0.588235294,110.5,93.1,0.878,50.4,47.5,17,17.3,25.8,27.8,31.3,23.1,49.7,45.8,34.6,33.3,70.3,1.7,0.063,0.428,0.747,0.555,0.174,0.635,0.683,0.19,0.142,0.587,0.301,1,0.142,0.699,0.285,0.508,0.761,0.507,64
17,Villanova,BE,2019,R32,6,36,26,0.722222222,114.6,98.9,0.8448,53.2,50.4,16.9,18,30.3,27.7,34.4,28.2,53.7,49.7,35.2,34.3,65.1,2.5,0.412,0.682,0.254,0.46,0.523,0.143,0.699,0.269,0.523,0.571,0.587,0.699,0.73,0.191,0.428,0.223,0.111,0.619,64
18,Liberty,BSth,2019,R32,12,33,29,0.878787879,109.2,99.6,0.7428,55.9,48.9,17.2,20.5,25.2,26.4,26.7,32.7,56.4,48.3,36.8,33.3,63.5,8.8,0.873,0.365,0.223,0.238,0.904,0.397,0.635,0.793,0.111,0.38,0,0.366,0.936,0.397,0.714,0.508,0.015,0.968,64
19,UC Irvine,BW,2019,R32,13,36,31,0.861111111,107.2,97.6,0.7458,51.3,44.1,17.5,16.7,33.7,27,28.7,33,50.1,40.7,35.9,33.9,66.6,-2.5,0.841,0.206,0.35,0.253,0.285,0.937,0.493,0.126,0.793,0.492,0.095,0.334,0.206,1,0.507,0.302,0.238,0.174,64
20,Buffalo,MAC,2019,R32,6,35,32,0.914285714,113.6,95.3,0.8819,53.4,47.3,16,20.3,31.7,26.9,32.7,31.9,55.7,49.3,33.7,29.3,74.9,-1.3,0.968,0.666,0.54,0.571,0.539,0.667,0.858,0.761,0.682,0.46,0.412,0.445,0.873,0.239,0.174,0.905,0.984,0.253,64
21,Murray St.,OVC,2019,R32,12,31,28,0.903225806,110.4,98.6,0.7852,54.8,46.5,17.2,19.4,32,30.7,33.5,27.4,56.2,48.3,34.9,28.9,70.2,-1.1,0.936,0.396,0.27,0.301,0.793,0.762,0.635,0.65,0.73,0.857,0.507,0.826,0.92,0.397,0.317,0.969,0.746,0.269,64
22,Washington,P12,2019,R32,9,36,27,0.75,105.6,93.1,0.8097,52.1,47.5,19.8,24.2,29.1,34.9,34.7,34,51.9,46,35,33.4,67.3,4.3,0.539,0.111,0.747,0.317,0.365,0.635,0.016,0.984,0.317,1,0.634,0.239,0.46,0.683,0.365,0.461,0.38,0.746,64
23,Wofford,SC,2019,R32,7,32,30,0.9375,116.4,97.1,0.8892,57.5,49.9,16.1,19.1,31.8,25.2,27.8,31.8,53.9,50.6,41.4,32.6,67.1,1.4,1,0.793,0.366,0.634,0.968,0.223,0.826,0.571,0.714,0.222,0.047,0.477,0.746,0.096,1,0.62,0.317,0.444,64
24,Florida,SEC,2019,R32,10,36,20,0.555555556,110.3,91.6,0.8947,49.8,48.1,17.9,22.4,30.6,32.2,29.9,33.6,49.5,48.5,33.4,31.6,64.3,6.4,0.015,0.38,0.794,0.65,0.111,0.556,0.318,0.888,0.555,0.92,0.174,0.27,0.111,0.35,0.126,0.762,0.047,0.857,64
25,Saint Louis,A10,2019,R64,13,36,23,0.638888889,101.3,95.7,0.6599,46.7,46.9,19.3,19.4,36,25.1,39.4,33.5,47.2,46.7,30.4,31.4,67.7,-2.9,0.206,0.047,0.524,0.158,0,0.699,0.112,0.65,0.92,0.206,0.904,0.302,0.031,0.588,0,0.81,0.46,0.158,64
26,VCU,A10,2019,R64,8,33,25,0.757575758,104.6,87.6,0.8838,50.1,43.5,20,23.4,31,30.6,35.7,36.6,53.1,43.8,30.5,28.5,69.7,1.4,0.555,0.079,0.969,0.587,0.142,0.969,0,0.968,0.587,0.841,0.73,0.08,0.65,0.874,0.015,0.985,0.698,0.444,64
27,Louisville,ACC,2019,R64,7,34,20,0.588235294,112.9,93.1,0.9023,50.9,46.7,17.5,16.1,29.1,25.9,34.9,32,50.6,46,34.2,32,68.6,2.7,0.063,0.603,0.747,0.698,0.222,0.715,0.493,0.079,0.317,0.285,0.666,0.429,0.222,0.683,0.238,0.715,0.539,0.666,64
28,Syracuse,ACC,2019,R64,8,34,20,0.588235294,110.5,94.2,0.8622,49.6,48.1,18.5,23.1,30.2,33.4,36.8,34.3,49.3,46.9,33.3,32.9,67.3,0.9,0.063,0.428,0.62,0.507,0.079,0.556,0.254,0.936,0.476,0.968,0.825,0.223,0.095,0.572,0.111,0.54,0.38,0.365,64
29,Vermont,AE,2019,R64,13,33,27,0.818181818,107,98.1,0.7324,52.6,48.7,16.8,19.1,27.3,22.2,35.9,27.5,51.6,46.3,35.9,35.1,66.7,11.3,0.746,0.19,0.302,0.222,0.396,0.429,0.731,0.571,0.222,0,0.777,0.794,0.396,0.635,0.507,0.127,0.269,1,64
30,Cincinnati,Amer,2019,R64,7,35,28,0.8,112.3,93.8,0.8871,49,48.6,16,20.9,37.4,29.3,37.6,30.5,47.6,45.1,34.5,35.5,65,1.3,0.65,0.555,0.651,0.603,0.047,0.445,0.858,0.825,0.984,0.698,0.873,0.556,0.047,0.762,0.269,0.064,0.079,0.412,64
31,Wisconsin,B10,2019,R64,5,34,23,0.676470588,108.2,88.6,0.9089,51.1,45.2,14.6,17.2,24.5,26.5,27.3,25.8,49.7,44.1,35.9,31.5,65,3.4,0.285,0.301,0.937,0.73,0.238,0.858,0.985,0.174,0.063,0.412,0.015,0.937,0.142,0.858,0.507,0.778,0.079,0.698,64
32,Iowa St.,B12,2019,R64,6,35,23,0.657142857,118.4,96.6,0.912,54.7,48.4,16.3,18.8,28.3,30.1,30,23.6,55,47.1,36.2,33.6,69.1,-3.2,0.238,0.873,0.445,0.761,0.777,0.477,0.794,0.523,0.285,0.809,0.206,0.985,0.809,0.556,0.571,0.381,0.634,0.126,64
33,Kansas St.,B12,2019,R64,4,34,25,0.735294118,108,87.8,0.9151,49.4,48.2,17.4,22.8,28.3,25.7,30.6,30.7,48.9,49,33.4,31.4,64.9,1.1,0.492,0.269,0.953,0.793,0.063,0.508,0.508,0.904,0.285,0.269,0.253,0.54,0.079,0.286,0.126,0.81,0.063,0.396,64
34,Marquette,BE,2019,R64,5,34,24,0.705882353,111.7,95.9,0.8524,53.5,46.3,19.4,16.6,29.4,26.1,35.1,35.9,50,45.1,38.8,32.4,70.5,2.2,0.365,0.507,0.508,0.476,0.555,0.794,0.08,0.111,0.349,0.365,0.682,0.127,0.19,0.762,0.92,0.667,0.793,0.587,64
35,Seton Hall,BE,2019,R64,10,34,20,0.588235294,107.9,96.9,0.7749,49.9,49.6,17.5,19.8,29.5,29.2,34.5,32.8,50.6,48.7,32.4,34,70.4,1.4,0.063,0.253,0.381,0.269,0.126,0.254,0.493,0.714,0.365,0.682,0.603,0.35,0.222,0.334,0.079,0.27,0.777,0.444,64
36,Montana,BSky,2019,R64,15,33,26,0.787878788,106.2,103.2,0.5812,56.1,50.1,17.3,19.2,27.4,24.9,31.6,37.3,55.6,49.3,37.8,34.4,68,2,0.619,0.142,0.08,0.095,0.936,0.191,0.572,0.619,0.238,0.158,0.317,0.048,0.857,0.239,0.825,0.191,0.507,0.555,64
37,Gardner Webb,BSth,2019,R64,16,32,23,0.71875,106,106.6,0.4852,54.8,50.5,17.1,18.2,22.4,31.3,38.3,27.6,53.6,50.4,37.7,33.7,68.7,1.9,0.396,0.126,0.048,0.047,0.793,0.127,0.667,0.333,0.015,0.904,0.888,0.762,0.714,0.127,0.777,0.35,0.571,0.523,64
38,Northeastern,CAA,2019,R64,13,34,23,0.676470588,109.1,102.5,0.6712,56.5,52.1,16.6,16.7,22.7,24.6,34.3,27.8,55.8,53,38.2,33.7,67.5,-1.1,0.285,0.333,0.112,0.174,0.952,0.032,0.747,0.126,0.031,0.079,0.571,0.747,0.888,0.016,0.904,0.35,0.428,0.269,64
39,Old Dominion,CUSA,2019,R64,14,35,26,0.742857143,99.3,94.6,0.6339,47.2,45.6,17.8,18.5,32.1,24.8,28.9,32.4,44.1,43.5,34.9,32.4,65.9,-6.5,0.507,0,0.588,0.126,0.015,0.826,0.397,0.46,0.761,0.111,0.111,0.397,0,0.905,0.317,0.667,0.158,0.031,64
40,Northern Kentucky,Horz,2019,R64,14,33,26,0.787878788,107.8,101.3,0.6719,54.6,49.1,17.8,18.4,30.6,26,34.8,35.2,55,49.9,36,32,69.3,-5.5,0.619,0.222,0.127,0.19,0.746,0.302,0.397,0.412,0.555,0.333,0.65,0.175,0.809,0.159,0.555,0.715,0.65,0.047,64
41,Yale,Ivy,2019,R64,14,29,22,0.75862069,110.5,102.5,0.7034,55.6,47.3,17.8,15.2,26.3,24.6,30.1,31.1,56,47.8,36.5,31,72.2,-2.1,0.571,0.428,0.112,0.206,0.873,0.667,0.397,0.047,0.158,0.079,0.222,0.508,0.904,0.477,0.634,0.842,0.936,0.19,64
42,Iona,MAAC,2019,R64,16,33,17,0.515151515,105.2,108.8,0.4044,53,52.3,17.3,18.5,25.1,30.7,36.8,28.5,53.2,50.3,35.1,36.6,71.9,-3.5,0,0.095,0.032,0.015,0.476,0.016,0.572,0.46,0.095,0.857,0.825,0.635,0.666,0.143,0.396,0.032,0.888,0.095,64
43,Bradley,MVC,2019,R64,15,34,20,0.588235294,101.1,100.5,0.517,49.7,47.6,18.8,18.4,26.7,26.7,36.3,35.6,46.5,46.5,37,32.8,66.5,-3.3,0.063,0.031,0.207,0.079,0.095,0.604,0.175,0.412,0.174,0.428,0.793,0.159,0.015,0.604,0.73,0.572,0.206,0.111,64
44,Nevada,MWC,2019,R64,7,34,29,0.852941176,112.5,95.9,0.8618,53.7,47.7,14.6,19.2,27.2,24.9,40.8,28,54.9,46.3,34.7,33.2,70.8,-7.3,0.825,0.571,0.508,0.492,0.634,0.588,0.985,0.619,0.206,0.158,0.92,0.715,0.793,0.635,0.301,0.524,0.809,0.015,64
45,Utah St.,MWC,2019,R64,8,34,28,0.823529412,111.3,96.8,0.8329,53.9,46.5,18.2,17.3,32,22.3,36.7,34.3,54.2,42.2,35.7,35.3,69.6,-1.5,0.777,0.476,0.413,0.38,0.682,0.762,0.286,0.19,0.73,0.015,0.809,0.223,0.761,0.953,0.476,0.112,0.682,0.238,64
46,Fairleigh Dickinson,NEC,2019,R64,16,33,21,0.636363636,104.5,110.3,0.3494,54.2,52,19.7,20.2,29.5,33.2,35.7,29.4,51,51.3,40.1,35.3,68,-0.4,0.19,0.063,0,0,0.714,0.048,0.048,0.746,0.365,0.952,0.73,0.572,0.301,0.064,0.984,0.112,0.507,0.301,64
47,Belmont,OVC,2019,R64,11,32,27,0.84375,114.9,101,0.8138,57.6,48.7,15.2,16,25.3,25,28.5,27.4,59.2,47.2,37,34.4,72.5,3.8,0.809,0.73,0.159,0.333,0.984,0.429,0.921,0.063,0.126,0.19,0.079,0.826,0.984,0.54,0.73,0.191,0.952,0.714,64
48,Arizona St.,P12,2019,R64,11,34,23,0.676470588,108.7,97.6,0.775,50.6,48.5,18.7,19,31.7,26.9,43.8,38.6,50.8,47.3,33.6,33.4,71.9,-3,0.285,0.317,0.35,0.285,0.206,0.461,0.207,0.539,0.682,0.46,0.984,0,0.253,0.508,0.158,0.461,0.888,0.142,64
49,Colgate,Pat,2019,R64,15,34,24,0.705882353,109.1,105.5,0.5961,55.9,50.7,19.3,17.8,30.2,27.1,28.4,28.2,53.5,50.5,39.5,33.9,67.9,-5.1,0.365,0.333,0.064,0.111,0.904,0.112,0.112,0.238,0.476,0.539,0.063,0.699,0.698,0.112,0.952,0.302,0.492,0.063,64
50,Georgia St.,SB,2019,R64,14,33,24,0.727272727,106.4,101.1,0.6418,53.7,50.3,16.4,21,23,33.8,35.4,30.9,51.2,51.2,38.1,32.8,71.3,-1.6,0.46,0.158,0.143,0.142,0.634,0.175,0.778,0.857,0.047,0.984,0.714,0.524,0.317,0.08,0.873,0.572,0.857,0.222,64
51,Mississippi,SEC,2019,R64,8,33,20,0.606060606,113.3,97.9,0.8433,53.1,51,18.2,20.6,30.2,29.3,30.9,33.5,52.7,48.2,35.8,37.4,69.7,2.8,0.158,0.65,0.318,0.444,0.507,0.096,0.286,0.809,0.476,0.698,0.269,0.302,0.571,0.413,0.492,0,0.698,0.682,64
52,Mississippi St.,SEC,2019,R64,5,34,23,0.676470588,116.9,96.8,0.898,54.6,50.3,19.2,19.5,34.7,29.6,32.7,32.1,53.4,48.4,37.7,35.7,69,0.4,0.285,0.809,0.413,0.666,0.746,0.175,0.127,0.698,0.873,0.777,0.412,0.413,0.682,0.366,0.777,0.048,0.619,0.333,64
53,Abilene Christian,Slnd,2019,R64,15,30,27,0.9,100.9,100.7,0.5064,51.9,49.8,17.3,23.3,27,28.5,34,38.3,49.5,49.8,37.7,33.3,67.1,-1.8,0.92,0.015,0.175,0.063,0.333,0.239,0.572,0.952,0.19,0.634,0.555,0.016,0.111,0.175,0.777,0.508,0.317,0.206,64
54,North Dakota St.,Sum,2019,R64,16,33,19,0.575757576,106.6,109,0.4369,53.5,53.6,15.7,14.4,20.7,25.9,32.2,26.5,52.1,52.6,36.7,37,66.5,0.6,0.047,0.174,0.016,0.031,0.555,0,0.905,0.015,0,0.285,0.365,0.874,0.492,0.032,0.682,0.016,0.206,0.349,64
55,New Mexico St.,WAC,2019,R64,12,33,30,0.909090909,111.8,98.2,0.8155,54.1,48.9,17.8,19.1,37,22.5,34.6,32.5,56.7,48,34,33.5,67.1,-10.9,0.952,0.539,0.286,0.349,0.698,0.397,0.397,0.571,0.968,0.031,0.619,0.381,0.952,0.429,0.19,0.429,0.317,0,64
56,Saint Mary's,WCC,2019,R64,11,34,22,0.647058824,113.1,96.3,0.8637,53.8,48.9,16.2,16.3,31.2,23,29.1,29.1,52.3,49.2,37.8,32.1,64.1,1.3,0.222,0.634,0.477,0.523,0.666,0.397,0.81,0.095,0.603,0.063,0.126,0.604,0.523,0.254,0.825,0.683,0.031,0.412,64
57,Florida St.,ACC,2019,S16,4,37,29,0.783783784,111.7,90.9,0.9146,50.5,47.2,18.9,20.3,32.8,27,35.8,35.7,50.9,45.3,33.2,33.5,70,3.9,0.603,0.507,0.842,0.777,0.19,0.683,0.143,0.761,0.777,0.492,0.761,0.143,0.285,0.731,0.095,0.429,0.73,0.73,64
58,North Carolina,ACC,2019,S16,1,36,29,0.805555556,120.1,91.4,0.9582,52.9,48.9,17.2,18.3,35.3,22.8,30.2,28.4,52.1,47.9,36.2,33.5,76,-0.4,0.682,0.92,0.81,0.904,0.444,0.397,0.635,0.396,0.888,0.047,0.238,0.651,0.492,0.461,0.571,0.429,1,0.301,64
59,Virginia Tech,ACC,2019,S16,4,35,26,0.742857143,117.8,93.4,0.9357,55.6,49,17.3,21.6,29.6,27.2,31.9,26.3,52.9,49,39.4,32.7,65.1,7.6,0.507,0.841,0.667,0.809,0.873,0.334,0.572,0.873,0.412,0.555,0.349,0.905,0.603,0.286,0.936,0.604,0.111,0.92,64
60,Houston,Amer,2019,S16,3,37,33,0.891891892,115.7,90.5,0.9439,52.1,42.5,16.5,18.2,34.4,26,31.6,37.3,51.3,43,35.5,27.9,67.3,4.6,0.888,0.761,0.858,0.841,0.365,1,0.762,0.333,0.841,0.333,0.317,0.048,0.349,0.937,0.46,1,0.38,0.793,64
61,Michigan,B10,2019,S16,2,37,30,0.810810811,114.6,85.6,0.9665,51.6,44.1,13.9,18,24.7,24.8,27.5,24.1,51.8,44.3,34.2,29.1,65.9,2.5,0.698,0.682,0.985,0.952,0.317,0.937,1,0.269,0.079,0.111,0.031,0.953,0.444,0.842,0.238,0.921,0.158,0.619,64
62,Oregon,P12,2019,S16,12,38,25,0.657894737,108.1,91.7,0.8687,52,46.4,17.8,20.9,29.6,28.8,29.4,33.9,51.6,48.8,35.1,29,65.4,4.3,0.269,0.285,0.778,0.539,0.349,0.778,0.397,0.825,0.412,0.666,0.158,0.254,0.396,0.302,0.396,0.937,0.142,0.746,64
63,LSU,SEC,2019,S16,3,35,28,0.8,117.9,96.6,0.9081,51.2,49.9,17.9,20.1,36.7,30.8,37.1,33.1,52.9,49.4,31.9,33.7,71.2,1.9,0.65,0.857,0.445,0.714,0.253,0.223,0.318,0.73,0.936,0.888,0.857,0.318,0.603,0.207,0.063,0.35,0.841,0.523,64
64,Tennessee,SEC,2019,S16,2,36,31,0.861111111,122.8,95.2,0.9488,55.3,48.1,15.8,18,31.6,30.2,33.3,34.9,55.4,44.7,36.7,35.4,68.8,4.9,0.841,0.952,0.572,0.857,0.857,0.556,0.889,0.269,0.65,0.825,0.492,0.191,0.841,0.81,0.682,0.08,0.587,0.825,64
